iso_time,t,phase,contact,used,delta,theta,alpha,beta,gamma,theta_z,alpha_z,beta_z,stress,attention,cognitive_load,difficulty,event
2026-06-26T18:21:08,12.346,idle,0,,,,,,,,,,,,,,
2026-06-26T18:21:09,13.362,idle,1,AF7+AF8,6.8061,7.0567,5.8795,55.091,45.58,,,,,,,,
2026-06-26T18:21:10,14.364,idle,1,AF7+AF8,5.0228,5.8033,5.1659,60.068,39.072,,,,,,,,
2026-06-26T18:21:11,15.367,idle,1,AF7+AF8,6.3088,4.7398,4.6776,56.714,40.113,,,,,,,,
2026-06-26T18:21:12,16.372,idle,1,AF7+AF8,14.009,6.579,5.3498,53.819,42.798,,,,,,,,
2026-06-26T18:21:13,17.373,idle,1,AF7+AF8,70.7,15.044,14.514,55.509,37.719,,,,,,,,
2026-06-26T18:21:14,18.379,idle,1,AF7+AF8,67.713,19.346,14.068,76.858,38.912,,,,,,,,
2026-06-26T18:21:15,19.389,baseline_rest,1,AF7+AF8,94.213,33.871,14.096,68.963,33.018,,,,,,,,
2026-06-26T18:21:16,20.395,baseline_rest,1,AF7+AF8,65.872,18.835,10.02,61.237,28.83,,,,,,,,
2026-06-26T18:21:17,21.405,baseline_rest,1,AF7+AF8,113.83,23.759,9.5772,87.267,37.648,,,,,,,,
2026-06-26T18:21:18,22.414,baseline_rest,1,AF7+AF8,104.94,36.99,14.253,110.73,53.579,,,,,,,,
2026-06-26T18:21:19,23.420,baseline_rest,1,AF7+AF8,87.516,37.635,14.977,86.331,39.171,,,,,,,,
2026-06-26T18:21:20,24.423,baseline_rest,1,AF7+AF8,38.747,23.328,9.5603,65.959,26.127,,,,,,,,
2026-06-26T18:21:21,25.429,baseline_rest,1,AF7+AF8,37.776,21.927,7.956,60.83,26.456,,,,,,,,
2026-06-26T18:21:22,26.432,baseline_rest,1,AF7+AF8,5.5563,8.9303,5.1354,89.297,47.761,,,,,,,,
2026-06-26T18:21:23,27.438,baseline_rest,1,AF7+AF8,3.7525,5.7065,5.8257,118.32,60.312,,,,,,,,
2026-06-26T18:21:24,28.444,baseline_rest,1,AF7+AF8,3.3787,5.6584,7.9822,113.86,55.124,,,,,,,,
2026-06-26T18:21:25,29.449,baseline_rest,1,AF7+AF8,4.4772,6.5463,6.272,87.687,44.438,,,,,,,,
2026-06-26T18:21:26,30.451,baseline_rest,1,AF7+AF8,4.8346,5.4328,3.0393,58.904,31.292,,,,,,,,
2026-06-26T18:21:27,31.459,baseline_rest,1,AF7+AF8,4.7025,6.162,3.8946,55.799,36.498,,,,,,,,
2026-06-26T18:21:28,32.466,baseline_rest,1,AF7+AF8,5.7788,4.7696,5.8333,71.25,33.63,,,,,,,,
2026-06-26T18:21:29,33.471,baseline_rest,1,AF7+AF8,54.169,15.97,5.7439,68.105,36.932,,,,,,,,
2026-06-26T18:21:30,34.478,baseline_rest,1,AF7+AF8,54.559,15.519,4.969,57.983,38.412,,,,,,,,
2026-06-26T18:21:31,35.486,baseline_rest,1,AF7+AF8,6.0367,6.6925,3.5013,51.822,40.714,,,,,,,,
2026-06-26T18:21:32,36.491,baseline_rest,1,AF7+AF8,2.6158,6.3125,2.5408,71.831,53.4,,,,,,,,
2026-06-26T18:21:33,37.500,baseline_rest,1,AF7+AF8,2.7401,5.9409,3.0474,80.387,61.144,,,,,,,,
2026-06-26T18:21:34,38.503,baseline_rest,1,AF7+AF8,5.4368,4.603,4.1709,103.42,61.379,,,,,,,,
2026-06-26T18:21:35,39.507,idle,1,AF7+AF8,4.1639,4.2424,4.0389,106.07,50.462,,,,,,,,
2026-06-26T18:21:36,40.512,idle,1,AF7+AF8,5.0303,7.085,6.8175,114.75,73.199,,,,,,,,
2026-06-26T18:21:37,41.521,baseline_active,1,AF7+AF8,43.98,19.542,14.325,135.1,71.864,,,,,,,,
2026-06-26T18:21:38,42.528,baseline_active,1,AF7+AF8,62.368,27.312,17.022,116.84,88.135,,,,,,,,
2026-06-26T18:21:39,43.539,baseline_active,1,AF7+AF8,48.523,30.454,19.088,165.52,154.7,,,,,,,,
2026-06-26T18:21:40,44.545,baseline_active,1,AF7+AF8,42.604,32.611,17.149,173.53,107.66,,,,,,,,
2026-06-26T18:21:41,45.548,baseline_active,1,AF7+AF8,34.53,19.236,12.652,113.14,73.421,,,,,,,,
2026-06-26T18:21:42,46.558,baseline_active,1,AF7+AF8,19.063,13.825,9.3286,114.57,70.97,,,,,,,,
2026-06-26T18:21:43,47.564,baseline_active,1,AF7+AF8,35.966,14.993,16.268,161.07,99.025,,,,,,,,
2026-06-26T18:21:44,48.571,baseline_active,1,AF7+AF8,41.649,18.877,20.655,232.79,169.01,,,,,,,,
2026-06-26T18:21:45,49.576,baseline_active,1,AF7+AF8,12.092,11.172,8.4119,189.21,199.8,,,,,,,,
2026-06-26T18:21:46,50.578,baseline_active,1,AF7+AF8,19.922,13.697,11.692,159.37,135.64,,,,,,,,
2026-06-26T18:21:47,51.584,baseline_active,1,AF7+AF8,49.628,22.665,16.499,148.75,94.799,,,,,,,,
2026-06-26T18:21:48,52.593,baseline_active,1,AF7+AF8,81.933,27.047,16.933,156.31,162.78,,,,,,,,
2026-06-26T18:21:49,53.598,baseline_active,1,AF7+AF8,66.482,10.718,11.816,110.05,129.6,,,,,,,,
2026-06-26T18:21:50,54.604,baseline_active,1,AF7+AF8,2010.2,32.886,17.311,82.838,82.591,,,,,,,,
2026-06-26T18:21:51,55.611,baseline_active,1,AF7+AF8,2598.1,81.529,20.988,70.628,43.556,,,,,,,,
2026-06-26T18:21:52,56.618,baseline_active,1,AF7+AF8,437.87,108.76,26.711,95.852,47.103,,,,,,,,
2026-06-26T18:21:53,57.625,baseline_active,1,AF7+AF8,235.15,129.39,20.392,114.14,62.777,,,,,,,,
2026-06-26T18:21:54,58.633,baseline_active,1,AF7+AF8,578.12,112.38,16.227,101.6,70.58,,,,,,,,
2026-06-26T18:21:55,59.638,baseline_active,1,AF7+AF8,333.77,51.913,14.923,103.63,64.325,,,,,,,,
2026-06-26T18:21:56,60.642,baseline_active,1,AF7+AF8,12.254,7.4247,6.5,103.26,43.109,,,,,,,,
2026-06-26T18:21:57,61.646,baseline_active,1,AF7+AF8,22.634,12.507,10.598,109.57,48.603,,,,,,,,
2026-06-26T18:21:58,62.652,baseline_active,1,AF7+AF8,15.856,8.4714,10.575,88.025,36.172,,,,,,,,
2026-06-26T18:21:59,63.657,baseline_active,1,AF7+AF8,82.922,30.862,16.265,80.395,60.485,,,,,,,,
2026-06-26T18:22:00,64.661,baseline_active,1,AF7+AF8,255.46,132.79,50.016,248.39,311.91,,,,,,,,
2026-06-26T18:22:01,65.668,baseline_active,1,AF7+AF8,1298.1,227.65,39.755,338.86,431.17,,,,,,,,
2026-06-26T18:22:02,66.674,baseline_active,1,AF7+AF8,1736.9,284.24,31.061,264.58,351.13,,,,,,,,
2026-06-26T18:22:03,67.681,baseline_active,1,AF7+AF8,647.65,191.86,29.48,179.37,186.65,,,,,,,,
2026-06-26T18:22:04,68.683,baseline_active,1,AF7+AF8,194,71.198,15.946,135.98,119,,,,,,,,
2026-06-26T18:22:05,69.689,baseline_active,1,AF7+AF8,35.204,20.705,16.739,100.85,69.037,,,,,,,,
2026-06-26T18:22:06,70.693,baseline_active,1,AF7+AF8,15.512,12.071,17.973,76.316,41.511,,,,,,,,
2026-06-26T18:22:07,71.699,baseline_active,1,AF7+AF8,36.394,22.696,15.652,48.55,38.686,,,,,,,,
2026-06-26T18:22:08,72.702,baseline_active,1,AF7+AF8,279.52,119.64,44.133,68.616,130.18,,,,,,,,
2026-06-26T18:22:09,73.712,baseline_active,1,AF7+AF8,171.57,98.041,42.899,99.6,140.26,,,,,,,,
2026-06-26T18:22:10,74.720,baseline_active,1,AF7+AF8,37.472,50.772,22.18,95.087,60.832,,,,,,,,
2026-06-26T18:22:11,75.727,baseline_active,1,AF7+AF8,15.275,13.113,11.567,67.688,30.078,,,,,,,,
2026-06-26T18:22:12,76.737,baseline_active,1,AF7+AF8,45.009,19.283,11.404,36.305,14.334,,,,,,,,
2026-06-26T18:22:13,77.743,baseline_active,1,AF7+AF8,35.398,18.088,10.165,29.262,17.631,,,,,,,,
2026-06-26T18:22:14,78.750,baseline_active,1,AF7+AF8,16.993,14.117,7.7203,26.292,46.907,,,,,,,,
2026-06-26T18:22:15,79.757,baseline_active,1,AF7+AF8,7.3589,8.5953,6.9889,32.074,23.545,,,,,,,,
2026-06-26T18:22:16,80.759,baseline_active,1,AF7+AF8,20.326,11.314,7.066,59.059,24.111,,,,,,,,
2026-06-26T18:22:17,81.765,baseline_active,1,AF7+AF8,86.572,36.965,32.124,68.807,34.919,,,,,,,,
2026-06-26T18:22:18,82.771,baseline_active,1,AF7+AF8,227.17,60.541,54.211,52.641,23.529,,,,,,,,
2026-06-26T18:22:19,83.779,baseline_active,1,AF7+AF8,98.934,22.928,16.363,35.095,14.206,,,,,,,,
2026-06-26T18:22:20,84.786,baseline_active,1,AF7+AF8,48.457,15.003,14.414,31.672,21.904,,,,,,,,
2026-06-26T18:22:21,85.797,baseline_active,1,AF7+AF8,22.251,8.8222,9.0542,33.704,16.519,,,,,,,,
2026-06-26T18:22:22,86.803,baseline_active,1,AF7+AF8,9.9998,8.0554,5.4729,19.134,8.4058,,,,,,,,
2026-06-26T18:22:23,87.811,baseline_active,1,AF7+AF8,89.245,70.197,8.162,25.457,18.804,,,,,,,,
2026-06-26T18:22:24,88.817,baseline_active,1,AF7+AF8,382.58,204.5,18.096,62.651,63.115,,,,,,,,
2026-06-26T18:22:25,89.823,active,1,AF7+AF8,145.34,57.964,17.009,120.22,117.09,-0.0091619,-0.0011991,0.16452,0.51242,0.51302,0.49988,,
2026-06-26T18:22:26,90.829,active,1,AF7+AF8,49.42,20.695,13.229,156.85,150.72,-0.49687,-0.3565,0.66117,0.57969,0.58971,0.49779,,
2026-06-26T18:22:27,91.835,active,1,AF7+AF8,38.841,21.873,14.082,120.85,134.34,-0.4596,-0.30032,0.16933,0.57714,0.5883,0.49567,,
2026-06-26T18:22:28,92.841,active,1,AF7+AF8,59.234,30.771,17.57,109.48,91.476,-0.29819,-0.028706,0.0053305,0.56839,0.58225,0.49215,,
2026-06-26T18:22:29,93.848,active,1,AF7+AF8,39.023,21.686,8.2582,96.135,64.427,-0.43392,-0.81261,-0.15863,0.57597,0.5765,0.52518,,
2026-06-26T18:22:30,94.856,active,1,AF7+AF8,399.75,115.19,12.77,178.27,266.1,0.89333,-0.43945,0.981,0.63266,0.56864,0.60649,,
2026-06-26T18:22:31,95.862,active,1,AF7+AF8,497.62,109.16,20.565,244.48,460.97,0.81226,0.17997,1.8809,0.67346,0.60575,0.60312,Easy,
2026-06-26T18:22:32,96.869,active,1,AF7+AF8,83.1,30.274,17.398,177.78,248.39,-0.31981,-0.085414,0.94653,0.66779,0.63423,0.58723,Easy,
2026-06-26T18:22:33,97.880,active,1,AF7+AF8,60.91,18.894,14.373,136.45,171.47,-0.48719,-0.31042,0.37344,0.65782,0.63083,0.57411,Easy,
2026-06-26T18:22:34,98.886,active,1,AF7+AF8,526.67,79.02,24.242,85.01,102.7,0.29601,0.33572,-0.31787,0.62916,0.606,0.56462,Easy,
2026-06-26T18:22:35,99.892,active,1,AF7+AF8,1088.7,429.03,93.06,174.75,276.43,4.8794,5.041,0.90078,0.56711,0.54772,0.55445,Easy,
2026-06-26T18:22:36,100.897,active,1,AF7+AF8,593.91,254.86,59.624,222.46,392.87,2.6156,2.7293,1.5529,0.5419,0.52641,0.54621,Easy,
2026-06-26T18:22:37,101.899,active,1,AF7+AF8,24.288,10.352,9.1576,105.73,179.95,-0.63344,-0.78198,-0.033539,0.57225,0.55522,0.54289,Easy,
2026-06-26T18:22:38,102.903,active,1,AF7+AF8,168.91,38.928,10.258,101.05,98.469,-0.17481,-0.65912,-0.08265,0.57216,0.54998,0.5533,Easy,
2026-06-26T18:22:39,103.911,active,1,AF7+AF8,507.21,102.21,21.542,242.66,318.41,0.73562,0.2672,1.87,0.64303,0.60286,0.55629,Easy,
2026-06-26T18:22:40,104.918,active,1,AF7+AF8,219.91,50.528,21.167,335.25,389.13,-0.064732,0.3336,3.1263,0.73818,0.73998,0.54358,Easy,
2026-06-26T18:22:41,105.921,active,1,AF7+AF8,20.16,12.515,12.961,173.14,155.05,-0.59769,-0.42071,0.89408,0.72864,0.73258,0.5357,Easy,
2026-06-26T18:22:42,106.937,active,1,AF7+AF8,11.812,12.699,14.813,116.06,74.331,-0.60009,-0.2419,0.13017,0.70676,0.7155,0.52606,Easy,solved:11.9
2026-06-26T18:22:43,107.945,active,1,AF7+AF8,115.42,66.564,19.434,176.59,98.178,0.2624,0.13933,0.96696,0.69419,0.7001,0.52478,Easy,
2026-06-26T18:22:44,108.951,active,1,AF7+AF8,192.82,102.53,15.437,161.87,239.52,0.85182,-0.18365,0.74772,0.68461,0.67453,0.58588,Easy,
2026-06-26T18:22:45,109.958,active,1,AF7+AF8,101.86,35.008,19.556,137.59,255.17,-0.29865,0.053435,0.41026,0.6678,0.66411,0.57031,Easy,
2026-06-26T18:22:46,110.964,active,1,AF7+AF8,115.08,33.388,20.001,123.47,110.4,-0.34874,0.051351,0.2193,0.65018,0.65288,0.55589,Easy,
2026-06-26T18:22:47,111.966,active,1,AF7+AF8,44.739,20.655,25.078,100.76,78.042,-0.494,0.46328,-0.093388,0.62386,0.64052,0.53509,Easy,
2026-06-26T18:22:48,112.972,active,1,AF7+AF8,178.23,54.37,35.461,100.52,81.922,0.028432,1.3153,-0.094645,0.58868,0.62181,0.51222,Easy,
2026-06-26T18:22:49,113.981,active,1,AF7+AF8,208.83,57.689,22.379,105.38,64.6,0.093146,0.28249,-0.019773,0.57352,0.6055,0.50791,Easy,
2026-06-26T18:22:50,114.988,active,1,AF7+AF8,48.698,21.634,10.119,123.75,62.471,-0.47284,-0.64802,0.23398,0.59451,0.60334,0.5163,Easy,
2026-06-26T18:22:51,115.993,active,1,AF7+AF8,78.94,24.622,11.783,113.45,64.735,-0.40387,-0.44526,0.10055,0.5913,0.59846,0.51496,Easy,
2026-06-26T18:22:52,117.001,active,1,AF7+AF8,435.79,40.692,20.492,80.635,57.127,-0.12273,0.26057,-0.36405,0.57105,0.58303,0.50743,Easy,
2026-06-26T18:22:53,118.006,active,1,AF7+AF8,810.79,85.216,67.377,64.933,39.996,0.55069,3.4905,-0.58807,0.51634,0.55643,0.46898,Easy,
2026-06-26T18:22:54,119.009,active,1,AF7+AF8,432.59,82.449,64.199,91.349,47.468,0.39942,3.0361,-0.22469,0.47403,0.54037,0.43803,Easy,
2026-06-26T18:22:55,120.014,active,1,AF7+AF8,142.15,48.074,20.038,92.582,62.68,-0.052643,0.091857,-0.2032,0.47273,0.53327,0.46438,Easy,
2026-06-26T18:22:56,121.017,active,1,AF7+AF8,256.49,54.26,18.718,74.285,36.055,-0.0086414,0.097161,-0.4537,0.46779,0.52263,0.47782,Easy,
2026-06-26T18:22:57,122.023,active,1,AF7+AF8,780.33,60.118,28.603,89.481,28.999,0.0090109,0.6087,-0.22463,0.45934,0.51641,0.47155,Easy,
2026-06-26T18:22:58,123.031,active,1,AF7+AF8,307.13,38.731,16.735,56.366,27.158,-0.26839,-0.21815,-0.69428,0.45711,0.50808,0.48485,Easy,
2026-06-26T18:22:59,124.038,active,1,AF7+AF8,185.6,63.626,21.365,53.251,25.743,0.13937,0.31217,-0.74123,0.44681,0.49411,0.48408,Easy,
2026-06-26T18:23:00,125.046,active,1,AF7+AF8,216.53,120.69,34.36,83.329,41.81,0.8922,1.1181,-0.3241,0.43245,0.47712,0.48261,Easy,
2026-06-26T18:23:01,126.049,active,1,AF7+AF8,112.6,72.891,22.77,92.442,58.084,0.22573,0.19763,-0.20383,0.44297,0.47344,0.49515,Easy,
2026-06-26T18:23:02,127.056,active,1,AF7+AF8,92.282,28.082,15.717,99.488,68.837,-0.36921,-0.24594,-0.094997,0.4885,0.50991,0.49388,Easy,
2026-06-26T18:23:03,128.063,active,1,AF7+AF8,222.89,45.085,17.739,103.84,41.078,-0.10088,0.049687,-0.027233,0.48963,0.50983,0.49236,Easy,
2026-06-26T18:23:04,129.071,active,1,AF7+AF8,96.293,25.131,17.81,87.777,22.809,-0.43668,-0.14916,-0.2459,0.48943,0.51823,0.48897,Easy,
2026-06-26T18:23:05,130.073,active,1,AF7+AF8,32.599,11.962,17.07,91.375,29.598,-0.62011,-0.27627,-0.19307,0.50201,0.5392,0.48515,Easy,
2026-06-26T18:23:06,131.082,active,1,AF7+AF8,60.568,43.535,17.012,77.078,26.291,-0.19961,-0.21261,-0.39715,0.499,0.53153,0.49503,Easy,
2026-06-26T18:23:07,132.083,active,1,AF7+AF8,94.345,61.949,14.918,92.787,49.332,0.088505,-0.25759,-0.18369,0.50514,0.52367,0.52391,Easy,
2026-06-26T18:23:08,133.090,active,1,AF7+AF8,144.5,35.509,13.151,85.11,59.659,-0.24913,-0.42898,-0.29747,0.51192,0.52011,0.52373,Easy,
2026-06-26T18:23:09,134.096,active,1,AF7+AF8,1417.1,40.207,22.135,165.14,307,-0.21426,0.25748,0.7798,0.54372,0.5811,0.51384,Easy,
2026-06-26T18:23:10,135.102,active,1,AF7+AF8,1566.2,38.734,29.141,260.05,677.65,-0.23956,0.95046,2.0585,0.59853,0.68804,0.49484,Easy,
2026-06-26T18:23:11,136.107,active,1,AF7+AF8,140.4,24.473,28.314,190.56,320.21,-0.40455,0.83268,1.1035,0.59076,0.68708,0.47747,Easy,
2026-06-26T18:23:12,137.113,active,1,AF7+AF8,488.12,87.04,31.232,137.36,129,0.60439,1.0883,0.39626,0.56959,0.66151,0.47295,Easy,
2026-06-26T18:23:13,138.119,active,1,AF7+AF8,768.38,126.97,42.785,256.78,360.45,1.2076,1.9935,2.0011,0.56136,0.65388,0.46456,Easy,
2026-06-26T18:23:14,139.128,active,1,AF7+AF8,320.19,112.4,37.72,385.06,595.05,0.92877,1.7209,3.7415,0.66439,0.74347,0.45708,Easy,
2026-06-26T18:23:15,140.134,active,1,AF7+AF8,70.441,47.005,21.163,293.24,374.16,-0.04152,0.26966,2.483,0.71666,0.76504,0.45954,Easy,
2026-06-26T18:23:16,141.139,active,1,AF7+AF8,43.74,24.96,9.7445,161.06,258.7,-0.4075,-0.66269,0.70067,0.71036,0.74944,0.50293,Easy,
2026-06-26T18:23:17,142.149,active,1,AF7+AF8,42.58,24.326,12.142,172.58,175.9,-0.42138,-0.45883,0.87612,0.70443,0.73832,0.50398,Easy,
2026-06-26T18:23:18,143.158,active,1,AF7+AF8,110.26,38.714,22.492,171.33,133.31,-0.17819,0.34492,0.86851,0.6877,0.72507,0.4957,Easy,
2026-06-26T18:23:19,144.162,active,1,AF7+AF8,246.82,84.798,35.436,141.29,112.15,0.5633,1.4339,0.46636,0.65094,0.69661,0.48336,Easy,
2026-06-26T18:23:20,145.168,active,1,AF7+AF8,191.23,88.834,33.642,98.789,78.11,0.64832,1.2952,-0.12195,0.61242,0.6616,0.47574,Easy,
2026-06-26T18:23:21,146.176,active,1,AF7+AF8,45.589,33.261,22.325,129.01,121.22,-0.24564,0.32254,0.29418,0.5985,0.65026,0.47018,Easy,
2026-06-26T18:23:22,147.178,active,1,AF7+AF8,25.617,16.767,18.318,174.12,193.68,-0.54264,-0.041535,0.90132,0.60883,0.66393,0.46628,Easy,
2026-06-26T18:23:23,148.185,active,1,AF7+AF8,71.151,31.775,13.967,148.28,152.91,-0.35065,-0.42485,0.53324,0.61405,0.6573,0.49208,Easy,
2026-06-26T18:23:24,149.189,active,1,AF7+AF8,52.871,20.174,11.853,115.27,98.06,-0.50952,-0.59031,0.094865,0.61054,0.64742,0.50289,Easy,
2026-06-26T18:23:25,150.198,active,1,AF7+AF8,79.334,37.491,16.745,117.03,84.033,-0.22152,-0.21649,0.11849,0.60229,0.63482,0.50247,Easy,
2026-06-26T18:23:26,151.204,active,1,AF7+AF8,260.24,107.11,17.165,98.659,71.531,0.83481,-0.13487,-0.12506,0.59016,0.60452,0.57232,Easy,
2026-06-26T18:23:27,152.213,active,1,AF7+AF8,592.1,169.71,18.398,71.193,39.082,1.8266,-0.032945,-0.49454,0.57245,0.5606,0.65915,Easy,
2026-06-26T18:23:28,153.219,active,1,AF7+AF8,304.18,42.75,19.284,36.932,18.288,-0.1117,0.012534,-0.9681,0.54933,0.54068,0.63819,Easy,
2026-06-26T18:23:29,154.228,active,1,AF7+AF8,122.09,34.131,21.573,46.991,34.987,-0.309,0.19481,-0.83018,0.52837,0.52802,0.61409,Easy,
2026-06-26T18:23:30,155.236,active,1,AF7+AF8,109.19,25.426,17.147,51.584,38.499,-0.4297,-0.11672,-0.76995,0.51525,0.51957,0.59571,Easy,
2026-06-26T18:23:31,156.238,active,1,AF7+AF8,44.374,11.646,15.214,38.875,26.557,-0.61063,-0.26542,-0.94957,0.50326,0.51215,0.57906,Easy,
2026-06-26T18:23:32,157.244,active,1,AF7+AF8,35.018,33.375,15.756,52.522,53.236,-0.33461,-0.18932,-0.76151,0.49434,0.50431,0.56739,Easy,
2026-06-26T18:23:33,158.252,active,1,AF7+AF8,34.79,36.437,12.395,78.061,75.352,-0.26757,-0.48033,-0.4167,0.50251,0.50156,0.5625,Easy,
2026-06-26T18:23:34,159.258,active,1,AF7+AF8,27.401,18.262,9.0802,81.934,53.543,-0.48901,-0.74645,-0.36934,0.5292,0.5096,0.55885,Easy,
2026-06-26T18:23:35,160.260,active,1,AF7+AF8,17.555,5.8912,8.9886,75.172,48.474,-0.68923,-0.74536,-0.4637,0.53277,0.52074,0.55263,Easy,
2026-06-26T18:23:36,161.267,active,1,AF7+AF8,213.73,10.18,12.753,87.132,106.3,-0.63023,-0.44574,-0.29407,0.53111,0.53345,0.54355,Easy,
2026-06-26T18:23:37,162.274,active,1,AF7+AF8,197.4,11.898,10.759,90.318,106.28,-0.61706,-0.62975,-0.24824,0.54097,0.54096,0.53851,Easy,
2026-06-26T18:23:39,163.281,active,1,AF7+AF8,21.978,6.4343,8.2925,73.958,43.398,-0.69287,-0.83231,-0.46773,0.54366,0.53942,0.53598,Easy,
2026-06-26T18:23:40,164.287,active,1,AF7+AF8,40.994,16.411,12.203,52.189,28.219,-0.53162,-0.48963,-0.76674,0.53427,0.53117,0.53104,Easy,
2026-06-26T18:23:41,165.295,active,1,AF7+AF8,146.44,94.335,22.154,57.456,46.416,0.62149,0.32293,-0.69579,0.5152,0.50835,0.53477,Easy,
2026-06-26T18:23:42,166.300,active,1,AF7+AF8,131.59,82.804,27.338,94.614,71.579,0.42316,0.85752,-0.19416,0.49795,0.49816,0.5241,Easy,
2026-06-26T18:23:43,167.305,active,1,AF7+AF8,106.11,61.377,26.199,94.106,75.81,0.13501,0.64169,-0.19818,0.48578,0.4934,0.51365,Easy,
2026-06-26T18:23:44,168.308,active,1,AF7+AF8,114.93,48.592,24.325,169.01,284.52,-0.061677,0.56051,0.84428,0.51556,0.56417,0.50275,Easy,
2026-06-26T18:23:45,169.309,active,1,AF7+AF8,106.43,33.906,30.692,322.21,707.72,-0.32267,1.2431,2.9021,0.62397,0.72591,0.48007,Easy,
2026-06-26T18:23:46,170.315,active,1,AF7+AF8,45.761,22.457,26.239,311.47,611.49,-0.47431,0.82249,2.7446,0.68359,0.79037,0.46366,Easy,
2026-06-26T18:23:47,171.324,active,1,AF7+AF8,79.568,28.46,34.999,197.64,280.53,-0.33829,1.4979,1.2074,0.65721,0.77762,0.44226,Easy,
2026-06-26T18:23:48,172.334,active,1,AF7+AF8,40.056,23.203,29.119,144.33,155.57,-0.43188,0.96813,0.48505,0.63113,0.75782,0.42901,Easy,solved:32.3
2026-06-26T18:23:49,173.339,active,1,AF7+AF8,55.642,25.104,34.589,216.6,336.75,-0.40126,1.3616,1.4667,0.61697,0.75303,0.41267,Easy,
2026-06-26T18:23:50,174.343,active,1,AF7+AF8,36.896,19.778,19.426,261.24,322.54,-0.48385,0.096614,2.113,0.68639,0.77256,0.42184,Easy,
2026-06-26T18:23:51,175.353,active,1,AF7+AF8,202.1,127.34,38.494,255.19,343.63,1.0296,1.5247,2.0412,0.67173,0.75471,0.43179,Easy,
2026-06-26T18:23:52,176.356,active,1,AF7+AF8,407.83,181.94,53.973,191.44,354.22,1.6799,2.4155,1.1324,0.63251,0.71598,0.42907,Easy,
2026-06-26T18:23:53,177.362,active,1,AF7+AF8,778.92,98.244,33.663,74.2,91.484,0.5767,1.032,-0.47018,0.59508,0.67471,0.43763,Easy,
2026-06-26T18:23:54,178.368,active,1,AF7+AF8,475.06,69.288,23.899,46.137,23.413,0.15665,0.33492,-0.83746,0.56657,0.63913,0.46169,Easy,
2026-06-26T18:23:55,179.371,active,1,AF7+AF8,159.54,43.733,18.872,56.985,57.231,-0.21361,-0.021643,-0.6954,0.54857,0.61524,0.47029,Medium,
2026-06-26T18:23:56,180.375,active,1,AF7+AF8,200.56,48.622,23.702,102.07,127.19,-0.13026,0.48712,-0.082961,0.53425,0.60212,0.46467,Medium,
2026-06-26T18:23:57,181.381,active,1,AF7+AF8,77.897,23.557,15.028,113.36,95.096,-0.46261,-0.25971,0.077518,0.53893,0.59792,0.47066,Medium,
2026-06-26T18:23:58,182.388,active,1,AF7+AF8,35.409,15.629,14.445,106.1,88.502,-0.56215,-0.37156,-0.014867,0.54225,0.59433,0.47398,Medium,
2026-06-26T18:23:59,183.391,active,1,AF7+AF8,33.79,11.946,12.458,87.806,87.137,-0.60847,-0.48434,-0.27245,0.54036,0.58804,0.48029,Medium,
2026-06-26T18:24:00,184.401,active,1,AF7+AF8,47.977,12.047,10.592,81.136,81.112,-0.60839,-0.56434,-0.36268,0.53854,0.58116,0.48881,Medium,
2026-06-26T18:24:01,185.406,active,1,AF7+AF8,45.154,20.238,8.9207,76.912,61.514,-0.47574,-0.68552,-0.41899,0.53791,0.57227,0.51124,Medium,
2026-06-26T18:24:02,186.412,active,1,AF7+AF8,30.508,15.048,8.6047,93.884,62.731,-0.56305,-0.76987,-0.18706,0.55857,0.56922,0.51999,Medium,
2026-06-26T18:24:03,187.418,active,1,AF7+AF8,55.163,34.729,18.973,90.895,75.469,-0.24725,0.033181,-0.24169,0.54742,0.561,0.5134,Medium,
2026-06-26T18:24:04,188.419,active,1,AF7+AF8,77.117,35.85,20.787,99.827,69.75,-0.23434,0.21976,-0.12178,0.53662,0.55536,0.50501,Medium,
2026-06-26T18:24:05,189.424,active,1,AF7+AF8,54.482,19.118,15.126,112.6,123.9,-0.49267,-0.24274,0.058016,0.53716,0.56319,0.50066,Medium,
2026-06-26T18:24:06,190.433,active,1,AF7+AF8,26.162,9.6061,10.141,92.435,118.15,-0.63698,-0.69299,-0.22482,0.54982,0.56177,0.50447,Medium,
2026-06-26T18:24:07,191.437,active,1,AF7+AF8,47.137,24.173,16.429,86.775,57.71,-0.43717,-0.2397,-0.292,0.54306,0.55653,0.50097,Medium,
2026-06-26T18:24:08,192.444,active,1,AF7+AF8,115.26,54.203,29.951,96.773,61.218,0.051002,0.78049,-0.147,0.52422,0.54678,0.49003,Medium,
2026-06-26T18:24:09,193.451,active,1,AF7+AF8,58.335,26.54,19.949,82.233,63.874,-0.3739,-0.0055942,-0.35115,0.51614,0.54151,0.48572,Medium,
2026-06-26T18:24:10,194.459,active,1,AF7+AF8,141.58,44.052,16.05,118.75,63.601,-0.090848,-0.28754,0.15624,0.5396,0.54023,0.50903,Medium,
2026-06-26T18:24:11,195.463,active,1,AF7+AF8,1293.5,193.49,34.216,225.18,120.37,2.2363,0.99296,1.5883,0.56017,0.52577,0.59397,Medium,
2026-06-26T18:24:12,196.468,active,1,AF7+AF8,1049.9,136.24,34.38,216.24,200.59,1.3051,0.9742,1.4614,0.56043,0.52502,0.58764,Medium,
2026-06-26T18:24:13,197.471,active,1,AF7+AF8,99.609,25.922,14.352,130.62,158.93,-0.42805,-0.41234,0.29929,0.57699,0.56396,0.57689,Medium,
2026-06-26T18:24:14,198.479,active,1,AF7+AF8,125.71,34.185,15.941,107.47,72.091,-0.238,-0.19581,0.0057936,0.57077,0.55994,0.56703,Medium,
2026-06-26T18:24:15,199.483,active,1,AF7+AF8,446.8,191.97,52.516,97.396,35.881,1.7171,2.3245,-0.1209,0.52957,0.52697,0.54995,Medium,
2026-06-26T18:24:16,200.488,active,1,AF7+AF8,10058,5226.8,1196.2,239.48,43.032,62.918,79.229,1.9035,0.46602,0.46373,0.48399,Medium,
2026-06-26T18:24:17,201.497,active,1,AF7+AF8,32062,5445.5,1244.9,289.38,75.068,66.331,82.727,2.608,0.4101,0.40808,0.42594,Medium,
2026-06-26T18:24:18,202.506,active,1,AF7+AF8,14783,1152.7,272.88,176.67,58.722,13.576,17.309,1.0109,0.36092,0.35934,0.39091,Medium,
2026-06-26T18:24:19,203.510,active,1,AF7+AF8,1113.1,286.61,83.839,114.31,54.069,2.915,4.5157,0.12105,0.32961,0.34001,0.38119,Medium,
2026-06-26T18:24:20,204.514,active,1,AF7+AF8,106.83,63.569,40.89,109.34,54.909,0.06543,1.43,0.047315,0.33208,0.43465,0.37574,Medium,
2026-06-26T18:24:21,205.520,active,1,AF7+AF8,939.3,156.62,35.513,89.366,59.783,1.1559,1.1186,-0.23231,0.3352,0.42246,0.45309,Medium,
2026-06-26T18:24:22,206.528,active,1,AF7+AF8,5455.6,643.36,69.521,197.15,114.02,7.0893,3.7796,1.2669,0.32157,0.37796,0.68496,Medium,
2026-06-26T18:24:23,207.533,active,1,AF7+AF8,2092.3,231.39,36.607,215.9,135.37,2.0546,1.244,1.5098,0.44853,0.41058,0.67476,Medium,
2026-06-26T18:24:24,208.542,active,1,AF7+AF8,45.199,41.833,11.455,157.9,129.65,-0.18728,-0.58008,0.70283,0.57246,0.52991,0.65966,Medium,
2026-06-26T18:24:25,209.546,active,1,AF7+AF8,115.27,125.52,19.126,220.72,350.7,0.94942,0.12875,1.5605,0.632,0.55744,0.65264,Medium,
2026-06-26T18:24:26,210.553,active,1,AF7+AF8,78.148,50.068,29.53,248.36,369.16,-0.07819,0.87716,1.9364,0.63169,0.66247,0.62026,Medium,
2026-06-26T18:24:27,211.563,active,1,AF7+AF8,76.203,27.285,58.024,264.59,282.52,-0.38925,2.735,2.1809,0.60763,0.73498,0.56663,Medium,
2026-06-26T18:24:28,212.567,active,1,AF7+AF8,35.954,22.371,28.382,187.75,198.16,-0.49045,0.6306,1.1106,0.60188,0.72959,0.54225,Medium,
2026-06-26T18:24:29,213.573,active,1,AF7+AF8,26.627,18.746,11.416,130.44,93.878,-0.51392,-0.55017,0.3311,0.6058,0.71453,0.53772,Medium,
2026-06-26T18:24:30,214.573,active,1,AF7+AF8,70.469,42.121,23.737,175.2,79.628,-0.15643,0.45276,0.95012,0.60052,0.70497,0.52413,Medium,
2026-06-26T18:24:31,215.577,active,1,AF7+AF8,49.971,30.494,19.196,151.98,85.513,-0.35097,0.023876,0.60678,0.59714,0.69447,0.51563,Medium,
2026-06-26T18:24:32,216.584,active,1,AF7+AF8,221.47,107.99,20.605,202.84,200.19,0.63586,0.11898,1.3061,0.62537,0.6811,0.5448,Medium,
2026-06-26T18:24:33,217.591,active,1,AF7+AF8,258.77,98.2,16.709,216.72,217.07,0.58354,-0.099664,1.4895,0.66343,0.67273,0.56867,Medium,
2026-06-26T18:24:34,218.599,active,1,AF7+AF8,177.78,49.095,12.965,197.39,169.79,-0.084817,-0.41491,1.2292,0.68218,0.67103,0.56537,Medium,
2026-06-26T18:24:35,219.605,active,1,AF7+AF8,350.89,180.75,22.225,196.52,211.01,1.4934,0.13324,1.2281,0.67634,0.64653,0.6244,Medium,
2026-06-26T18:24:36,220.614,active,1,AF7+AF8,3925,1375,54.414,205.43,172.55,16.082,2.4887,1.3569,0.63864,0.56903,0.84909,Medium,
2026-06-26T18:24:37,221.620,active,1,AF7+AF8,2141.4,660.38,32.388,153.36,122.13,7.3537,1.0299,0.61924,0.61587,0.50474,0.91526,Medium,
2026-06-26T18:24:38,222.622,active,1,AF7+AF8,1257.3,117.08,37.783,198.1,250.49,0.93727,1.6358,1.2507,0.5962,0.52536,0.85506,Medium,
2026-06-26T18:24:39,223.627,active,1,AF7+AF8,951.84,106.43,33.455,258.79,281.28,0.75124,1.1815,2.1055,0.60658,0.608,0.80602,Medium,
2026-06-26T18:24:40,224.631,active,1,AF7+AF8,386.42,58.592,22.472,187.08,108.01,0.0493,0.22102,1.1122,0.60839,0.62109,0.76672,Medium,
2026-06-26T18:24:41,225.637,active,1,AF7+AF8,385.67,58.824,22.843,120.67,80.655,0.2349,0.30698,0.1774,0.59344,0.6057,0.73364,Medium,
2026-06-26T18:24:42,226.648,active,1,AF7+AF8,388.47,56.317,23.421,127.63,78.664,0.1222,0.40153,0.28635,0.5805,0.59548,0.70142,Medium,
2026-06-26T18:24:43,227.656,active,1,AF7+AF8,499.18,92.551,37.98,185.96,71.985,0.59546,1.5869,1.1205,0.56387,0.59185,0.66267,Medium,
2026-06-26T18:24:44,228.663,active,1,AF7+AF8,250.77,55.462,24.204,155.79,71.224,0.13425,0.4305,0.70323,0.56029,0.58931,0.63872,Medium,
2026-06-26T18:24:45,229.669,active,1,AF7+AF8,72.272,30.403,15.241,151.99,55.948,-0.27565,-0.33617,0.65634,0.59706,0.60438,0.62298,Medium,
2026-06-26T18:24:46,230.675,active,1,AF7+AF8,50.735,18.242,15.201,117.76,40.187,-0.49987,-0.31032,0.17453,0.59265,0.60188,0.60538,Medium,
2026-06-26T18:24:47,231.677,active,1,AF7+AF8,205.5,27.954,14.498,69.352,36.094,-0.32041,-0.35427,-0.51133,0.57918,0.58679,0.59324,Medium,
2026-06-26T18:24:48,232.683,active,1,AF7+AF8,303.62,29.604,26.637,99.364,77.506,-0.29854,0.50155,-0.10882,0.56059,0.57922,0.57021,Medium,
2026-06-26T18:24:49,233.690,active,1,AF7+AF8,154.19,27.625,22.059,167.47,94.707,-0.36289,0.17753,0.83084,0.5728,0.61865,0.55373,Medium,
2026-06-26T18:24:50,234.699,active,1,AF7+AF8,40.754,16.041,8.9316,135.28,58.921,-0.55471,-0.76554,0.38588,0.61317,0.61827,0.55044,Medium,
2026-06-26T18:24:51,235.707,active,1,AF7+AF8,25.96,20.101,9.3465,115.27,49.86,-0.49654,-0.75418,0.10881,0.61234,0.61309,0.54825,Medium,
2026-06-26T18:24:52,236.714,active,1,AF7+AF8,60.791,49.204,14.011,125.92,61.77,-0.071913,-0.33273,0.26628,0.60778,0.60458,0.54636,Medium,
2026-06-26T18:24:53,237.721,active,1,AF7+AF8,84.608,93.799,31.511,167.09,99.342,0.72206,0.9134,0.856,0.59398,0.59404,0.53793,Medium,
2026-06-26T18:24:54,238.729,active,1,AF7+AF8,351.75,132.65,62.325,267.55,182.12,1.2537,2.9807,2.2555,0.57194,0.61121,0.50897,Medium,
2026-06-26T18:24:55,239.734,active,1,AF7+AF8,289.84,102.57,46.185,367.06,334.73,0.74605,1.9587,3.5769,0.64393,0.72726,0.49024,Medium,
2026-06-26T18:24:56,240.736,active,1,AF7+AF8,94.357,29.051,21.433,291.57,280,-0.37602,0.27956,2.5069,0.70926,0.77611,0.48167,Medium,
2026-06-26T18:24:57,241.741,active,1,AF7+AF8,575.55,73.489,15.063,320.75,364.16,0.16302,-0.32625,2.9055,0.78424,0.78899,0.52918,Medium,
2026-06-26T18:24:58,242.744,active,1,AF7+AF8,507.99,60.147,24.448,404.19,537.37,0.017458,0.42771,4.0533,0.82951,0.84519,0.51955,Medium,
2026-06-26T18:24:59,243.750,active,1,AF7+AF8,243.02,62.997,44.168,364.44,260.21,0.18177,1.9524,3.5864,0.8132,0.84558,0.49225,Medium,
2026-06-26T18:25:00,244.759,active,1,AF7+AF8,670.69,100.36,61.97,478.98,517.4,0.80524,3.0306,5.1621,0.80487,0.87721,0.46286,Medium,
2026-06-26T18:25:01,245.767,active,1,AF7+AF8,836.91,125.28,71.398,369.17,443.06,0.96181,3.5424,3.598,0.76912,0.86661,0.43322,Medium,
2026-06-26T18:25:02,246.774,active,1,AF7+AF8,656.51,178,111.51,156.33,100.93,1.5829,6.3908,0.67924,0.68335,0.80929,0.39118,Medium,
2026-06-26T18:25:03,247.780,active,1,AF7+AF8,369.67,148.54,41.887,106.61,37.535,1.5554,1.8553,-0.0022325,0.63533,0.74992,0.43402,Medium,
2026-06-26T18:25:04,248.785,active,1,AF7+AF8,311.56,70.278,28.85,84.211,36.934,0.39061,0.84426,-0.31666,0.60215,0.70943,0.43973,Medium,
2026-06-26T18:25:05,249.790,active,1,AF7+AF8,246.05,41.259,29.9,192.69,88.495,-0.1618,0.8057,1.2101,0.59594,0.70411,0.43273,Medium,
2026-06-26T18:25:06,250.802,active,1,AF7+AF8,352.42,72.044,22.31,260.19,139.2,0.26184,0.28652,2.1582,0.66933,0.71409,0.47124,Medium,
2026-06-26T18:25:07,251.810,active,1,AF7+AF8,232.29,61.942,33.688,262.73,158.27,0.17433,1.1434,2.1843,0.66428,0.72486,0.46043,Medium,
2026-06-26T18:25:08,252.814,active,1,AF7+AF8,78.696,23.531,26.205,230.22,123.04,-0.43402,0.54968,1.7337,0.66183,0.73828,0.45072,Medium,
2026-06-26T18:25:09,253.826,active,1,AF7+AF8,99.219,73.436,31.274,236.96,102.48,0.23093,1.1702,1.8445,0.65243,0.73266,0.44279,Medium,
2026-06-26T18:25:10,254.834,active,1,AF7+AF8,116.7,69.156,27.458,283.54,135.32,0.20012,0.80097,2.5015,0.68134,0.74884,0.44071,Medium,
2026-06-26T18:25:11,255.838,active,1,AF7+AF8,139.56,59.1,28.787,237.17,116.21,0.040852,0.67886,1.8461,0.67661,0.74436,0.43834,Medium,
2026-06-26T18:25:12,256.842,active,1,AF7+AF8,127.94,65.934,27.343,178.67,77.211,0.11005,0.71295,1.0246,0.66008,0.72852,0.43676,Medium,
2026-06-26T18:25:13,257.848,active,1,AF7+AF8,210.21,54.342,27.923,146.54,72.502,-0.044646,0.74547,0.56051,0.6381,0.71011,0.43265,Medium,
2026-06-26T18:25:14,258.854,active,1,AF7+AF8,831.8,146.06,62.515,241.8,292.5,1.1536,2.996,1.8432,0.6047,0.69514,0.4149,Medium,
2026-06-26T18:25:15,259.865,active,1,AF7+AF8,432.14,131.39,44.956,223.28,247.42,1.0455,1.8994,1.5957,0.58759,0.67992,0.41249,Medium,
2026-06-26T18:25:16,260.873,active,1,AF7+AF8,836.47,348.19,76.399,170.18,211.65,3.7897,4.4951,0.87067,0.53392,0.62096,0.41263,Medium,
2026-06-26T18:25:17,261.880,active,1,AF7+AF8,467.69,193.2,42.637,162.86,205.52,1.725,1.8108,0.77046,0.51459,0.59239,0.45862,Medium,
2026-06-26T18:25:18,262.890,active,1,AF7+AF8,322.43,137.22,19.152,123.7,76.759,0.95641,-0.11719,0.24623,0.53302,0.57076,0.56209,Medium,
2026-06-26T18:25:19,263.894,active,1,AF7+AF8,325.72,97.522,14.346,120.48,54.675,0.47667,-0.4244,0.21915,0.56106,0.55841,0.5913,Medium,
2026-06-26T18:25:20,264.900,active,1,AF7+AF8,342.62,44.314,30.228,136.31,61.627,-0.20671,0.74682,0.4415,0.54916,0.57156,0.5663,Medium,
2026-06-26T18:25:21,265.910,active,1,AF7+AF8,231.01,39.19,34.63,145.29,87.679,-0.24854,1.1488,0.5655,0.53458,0.58885,0.5382,Medium,
2026-06-26T18:25:22,266.916,active,1,AF7+AF8,128.26,21.918,23.57,152.04,79.628,-0.46385,0.31338,0.66677,0.54027,0.61815,0.5221,Medium,
2026-06-26T18:25:23,267.922,active,1,AF7+AF8,43.241,8.3465,14.835,159.1,54.019,-0.66226,-0.42562,0.76849,0.6031,0.65021,0.5159,Medium,
2026-06-26T18:25:24,268.928,active,1,AF7+AF8,23.393,8.2471,9.5076,87.357,30.332,-0.66997,-0.7812,-0.25016,0.59864,0.63846,0.51566,Medium,
2026-06-26T18:25:25,269.934,active,1,AF7+AF8,21.535,11.019,7.0592,64.151,16.851,-0.63408,-0.9453,-0.5801,0.59227,0.62265,0.52956,Medium,
2026-06-26T18:25:26,270.937,active,1,AF7+AF8,47.27,11.821,7.0748,85.418,21.258,-0.62494,-0.93964,-0.27718,0.59104,0.61314,0.53538,Medium,
2026-06-26T18:25:27,271.947,active,1,AF7+AF8,30.12,11.584,9.0201,98.248,27.537,-0.61287,-0.76832,-0.096273,0.59011,0.60727,0.53346,Medium,
2026-06-26T18:25:28,272.955,active,1,AF7+AF8,21.563,11.822,9.318,81.813,24.875,-0.62096,-0.7445,-0.32871,0.58551,0.59877,0.5313,Medium,
2026-06-26T18:25:29,273.963,active,1,AF7+AF8,32.634,18.41,8.8238,77.999,22.336,-0.5353,-0.79582,-0.38292,0.58142,0.5892,0.53203,Medium,
2026-06-26T18:25:30,274.970,active,1,AF7+AF8,41.011,21.557,9.404,59.192,16.262,-0.47397,-0.74408,-0.648,0.57309,0.57589,0.53304,Medium,
2026-06-26T18:25:31,275.973,active,1,AF7+AF8,51.383,18.088,8.5606,48.891,14.182,-0.52394,-0.82333,-0.79458,0.56475,0.56273,0.53563,Medium,
2026-06-26T18:25:32,276.977,active,1,AF7+AF8,36.059,17.196,7.3222,39.566,15.371,-0.54544,-0.92114,-0.92758,0.55688,0.54949,0.54235,Medium,
2026-06-26T18:25:33,277.983,active,1,AF7+AF8,41.014,27.776,9.1277,43.183,19.193,-0.39396,-0.75322,-0.87604,0.54821,0.53635,0.54381,Medium,
2026-06-26T18:25:34,278.990,active,1,AF7+AF8,35.277,22.03,7.5043,40.338,19.147,-0.46747,-0.85773,-0.91653,0.54155,0.52528,0.5467,Medium,
2026-06-26T18:25:35,279.993,active,1,AF7+AF8,14.49,12.952,3.863,31.695,12.641,-0.6055,-1.183,-1.0392,0.53872,0.51577,0.5617,Medium,
2026-06-26T18:25:36,280.998,active,1,AF7+AF8,5.9574,10.118,5.4563,24.001,11.339,-0.64004,-1.0815,-1.1489,0.53306,0.50628,0.56089,Medium,
2026-06-26T18:25:37,282.007,active,1,AF7+AF8,12.325,7.2228,6.8971,26.045,13.579,-0.68385,-0.98962,-1.1206,0.52713,0.499,0.55816,Medium,
2026-06-26T18:25:38,283.014,active,1,AF7+AF8,79.586,9.4151,7.4481,26.34,14.495,-0.6548,-0.94817,-1.1166,0.52135,0.49223,0.55557,Medium,
2026-06-26T18:25:39,284.031,active,1,AF7+AF8,60.924,11.495,5.8041,24.453,12.798,-0.62749,-1.0475,-1.1416,0.51738,0.48549,0.55518,Medium,
2026-06-26T18:25:40,285.036,active,1,AF7+AF8,11.54,8.2007,3.7913,20.207,9.8389,-0.67687,-1.193,-1.2014,0.51516,0.47941,0.56057,Medium,
2026-06-26T18:25:41,286.040,active,1,AF7+AF8,10.45,9.8525,6.2021,28.853,13.512,-0.64991,-1.0295,-1.0794,0.5126,0.47546,0.55898,Medium,
2026-06-26T18:25:42,287.048,active,1,AF7+AF8,23.121,9.8182,7.5853,23.365,11.289,-0.64959,-0.93065,-1.1577,0.50768,0.47082,0.55611,Medium,
2026-06-26T18:25:43,288.056,active,1,AF7+AF8,80.9,18.81,12.33,37.829,15.809,-0.53425,-0.57112,-0.95795,0.50098,0.46799,0.54993,Medium,
2026-06-26T18:25:44,289.065,active,1,AF7+AF8,1176.2,203.8,63.617,155.15,156.08,1.942,3.8844,0.65935,0.46081,0.45323,0.51689,Medium,
2026-06-26T18:25:45,290.071,active,1,AF7+AF8,1959.4,330.72,83.419,219.82,453.17,3.6881,5.7826,1.5199,0.41824,0.42917,0.48604,Medium,
2026-06-26T18:25:46,291.077,active,1,AF7+AF8,293.23,78.734,29.095,182.8,269,0.31529,0.99604,1.0242,0.46941,0.52429,0.4776,Medium,
2026-06-26T18:25:47,292.083,active,1,AF7+AF8,144.61,55.484,21.559,173.87,134.8,0.01835,0.40539,0.9112,0.5255,0.57559,0.4745,Medium,
2026-06-26T18:25:48,293.089,active,1,AF7+AF8,177.34,33.611,11.697,105.42,80.977,-0.2983,-0.54592,-0.040298,0.54792,0.57038,0.50835,Medium,
2026-06-26T18:25:49,294.095,active,1,AF7+AF8,187.12,35.565,15.241,74.522,47.197,-0.24741,-0.30726,-0.44083,0.54017,0.55904,0.50824,Medium,
2026-06-26T18:25:50,295.100,active,1,AF7+AF8,147.65,64.022,18.209,82.845,28.686,0.065125,-0.056772,-0.32041,0.5314,0.54619,0.51244,Medium,
2026-06-26T18:25:51,296.106,active,1,AF7+AF8,200.93,62.304,15.626,68.711,27.422,0.038457,-0.21467,-0.52391,0.523,0.53226,0.52393,Medium,
2026-06-26T18:25:52,297.113,active,1,AF7+AF8,624.99,61.377,19.975,139.58,79.379,0.16625,0.12372,0.45373,0.5339,0.53443,0.5217,Medium,
2026-06-26T18:25:53,298.120,active,1,AF7+AF8,288.84,32.011,18.881,119.23,91.595,-0.28869,0.011338,0.17467,0.53228,0.54837,0.5146,Medium,
2026-06-26T18:25:54,299.127,active,1,AF7+AF8,32.856,11.219,11.316,90.187,73.85,-0.62419,-0.59276,-0.2338,0.53976,0.54853,0.51238,Medium,
2026-06-26T18:25:55,300.134,active,1,AF7+AF8,47.337,14.257,10.687,78.631,48.566,-0.59023,-0.65436,-0.39622,0.53886,0.54562,0.51186,Medium,
2026-06-26T18:25:56,301.140,active,1,AF7+AF8,51.099,16.274,15.911,95.362,49.971,-0.53835,-0.19315,-0.15882,0.53471,0.54663,0.50527,Medium,
2026-06-26T18:25:57,302.146,active,1,AF7+AF8,136.67,48.587,14.329,100.29,59.961,-0.15608,-0.38645,-0.094675,0.53573,0.54195,0.51937,Medium,
2026-06-26T18:25:58,303.152,active,1,AF7+AF8,191.02,64.887,16.186,127.06,64.389,0.031706,-0.32315,0.27457,0.55879,0.54056,0.53429,Medium,
2026-06-26T18:25:59,304.156,active,1,AF7+AF8,38.016,11.995,14.737,109.52,62.391,-0.61372,-0.38501,0.026823,0.55789,0.56386,0.52675,Medium,
2026-06-26T18:26:00,305.162,active,1,AF7+AF8,44.386,19.115,12.924,92.86,59.934,-0.48441,-0.49236,-0.20202,0.55529,0.56042,0.52366,Medium,
2026-06-26T18:26:01,306.169,active,1,AF7+AF8,39.244,17.78,10.444,64.018,32.476,-0.51748,-0.67183,-0.60164,0.54971,0.55191,0.52313,Medium,
2026-06-26T18:26:02,307.175,active,1,AF7+AF8,83.404,23.31,13.747,79.781,32.92,-0.46051,-0.38122,-0.3686,0.54393,0.54706,0.51917,Medium,
2026-06-26T18:26:03,308.183,active,1,AF7+AF8,313.7,30.754,16.742,136.17,75.333,-0.36732,-0.18943,0.42274,0.56313,0.57732,0.5142,Medium,
2026-06-26T18:26:04,309.194,active,1,AF7+AF8,283.6,49.096,18.746,147.06,131.08,-0.06325,0.073041,0.56736,0.56293,0.57784,0.51045,Medium,
2026-06-26T18:26:05,310.201,active,1,AF7+AF8,132.46,73.253,38.758,241.28,228.81,0.29215,1.7189,1.8632,0.55754,0.64326,0.48866,Medium,
2026-06-26T18:26:06,311.204,active,1,AF7+AF8,95.831,36.926,25.628,237,240.15,-0.27338,0.61931,1.7979,0.60894,0.70011,0.47685,Medium,
2026-06-26T18:26:07,312.207,active,1,AF7+AF8,24.714,23.096,10.987,201.12,114.26,-0.47271,-0.60012,1.3197,0.67744,0.70614,0.50029,Medium,
2026-06-26T18:26:08,313.213,active,1,AF7+AF8,20.185,12.646,14.674,151.47,84.795,-0.61189,-0.34713,0.62208,0.67041,0.69935,0.49629,Medium,
2026-06-26T18:26:09,314.216,active,1,AF7+AF8,34.504,16.411,13.571,124.27,116.83,-0.57019,-0.41034,0.21491,0.65926,0.68706,0.49434,Medium,
2026-06-26T18:26:10,315.223,active,1,AF7+AF8,83.676,41.328,26.073,232.9,374.92,-0.25403,0.61299,1.6755,0.65572,0.70927,0.48221,Medium,solved:135.8
2026-06-26T18:26:11,316.230,active,1,AF7+AF8,45.637,20.066,27.967,279,329.34,-0.5164,0.66782,2.313,0.67916,0.76641,0.46709,Medium,
2026-06-26T18:26:12,317.238,active,1,AF7+AF8,58.705,21.86,20.237,206.04,288.47,-0.46818,0.054074,1.3152,0.67598,0.75955,0.46325,Medium,
2026-06-26T18:26:13,318.246,active,1,AF7+AF8,89.561,50.751,28.086,246.82,414.68,0.022014,0.73012,1.8562,0.67132,0.75414,0.45714,Medium,
2026-06-26T18:26:14,319.251,active,1,AF7+AF8,76.472,38.878,29.994,253.03,314.77,-0.1691,0.94819,1.9433,0.66539,0.75268,0.44595,Hard,
2026-06-26T18:26:15,320.257,active,1,AF7+AF8,32.395,20.194,27.975,205.18,194.99,-0.48639,0.75222,1.3031,0.65375,0.74754,0.43443,Hard,
2026-06-26T18:26:16,321.262,active,1,AF7+AF8,60.939,26.752,23.228,181.61,136.84,-0.37868,0.44093,0.99958,0.64363,0.73773,0.43017,Hard,
2026-06-26T18:26:17,322.268,active,1,AF7+AF8,242.21,46.024,26.483,136.46,79.477,-0.10313,0.69279,0.38383,0.62177,0.71647,0.42677,Hard,
2026-06-26T18:26:18,323.276,active,1,AF7+AF8,340.87,33.098,19.262,96.878,80.014,-0.26187,0.1012,-0.16045,0.60323,0.69201,0.44355,Hard,
2026-06-26T18:26:20,324.283,active,1,AF7+AF8,407.75,47.201,22.651,181.63,250.06,-0.050029,0.228,0.98464,0.60206,0.68416,0.4566,Hard,
2026-06-26T18:26:21,325.290,active,1,AF7+AF8,158,53.035,29.911,181.06,252.46,0.018835,0.72092,0.99085,0.59386,0.67636,0.45139,Hard,
2026-06-26T18:26:22,326.292,active,1,AF7+AF8,97.068,55.23,28.68,160.52,144.29,0.02357,0.68546,0.71683,0.58307,0.66549,0.44738,Hard,
2026-06-26T18:26:23,327.299,active,1,AF7+AF8,56.291,29.24,16.179,141.72,97.043,-0.37393,-0.25097,0.4612,0.58608,0.65798,0.46973,Hard,
2026-06-26T18:26:24,328.304,active,1,AF7+AF8,151.48,28.73,22.765,131.87,88.482,-0.36497,0.35866,0.31996,0.57517,0.6492,0.46263,Hard,
2026-06-26T18:26:25,329.308,active,1,AF7+AF8,456.53,60.685,33.331,158.09,106.68,0.13014,1.5148,0.66767,0.55363,0.63931,0.44713,Hard,
2026-06-26T18:26:26,330.315,active,1,AF7+AF8,274.5,74.696,26.529,145.31,91.803,0.40539,0.7708,0.53306,0.54363,0.62451,0.45152,Hard,
2026-06-26T18:26:27,331.323,active,1,AF7+AF8,356.89,45.002,26.606,157.1,128.98,-0.061204,0.70029,0.68319,0.53814,0.6206,0.44605,Hard,
2026-06-26T18:26:28,332.327,active,1,AF7+AF8,390.89,47.27,44.96,231.87,286.12,-0.11717,2.3908,1.6888,0.52314,0.67518,0.41917,Hard,
2026-06-26T18:26:29,333.332,active,1,AF7+AF8,159.76,38.817,36.946,287.69,517.7,-0.23347,1.7968,2.4451,0.55746,0.7455,0.40079,Hard,
2026-06-26T18:26:30,334.336,active,1,AF7+AF8,15.437,6.9467,19.211,228.51,555.88,-0.68879,0.17459,1.653,0.62908,0.75618,0.39994,Hard,
2026-06-26T18:26:31,335.344,active,1,AF7+AF8,39.401,20.038,19.214,234.42,346.46,-0.46668,0.044615,1.7506,0.67235,0.75567,0.42184,Hard,
2026-06-26T18:26:32,336.349,active,1,AF7+AF8,158.58,60.814,36.51,214.33,237.95,0.22121,1.6096,1.4542,0.64934,0.74292,0.41119,Hard,
2026-06-26T18:26:33,337.353,active,1,AF7+AF8,326.61,112.14,66.418,217.7,478.8,1.0909,4.3109,1.5317,0.59535,0.72035,0.38184,Hard,
2026-06-26T18:26:34,338.357,active,1,AF7+AF8,121.62,47.916,31.374,229.52,350.09,-0.059747,1.0078,1.7029,0.59423,0.71876,0.38037,Hard,
2026-06-26T18:26:35,339.366,active,1,AF7+AF8,34.926,20.395,20.061,191.32,206.62,-0.46873,-0.025013,1.1297,0.62197,0.71529,0.41901,Hard,
2026-06-26T18:26:36,340.374,active,1,AF7+AF8,37.964,13.344,13.301,166.39,141.98,-0.57899,-0.5172,0.78171,0.64292,0.70911,0.46297,Hard,
2026-06-26T18:26:37,341.383,active,1,AF7+AF8,14.535,6.4014,10.084,125.62,93.788,-0.69133,-0.71072,0.25029,0.63991,0.69789,0.48664,Hard,
2026-06-26T18:26:38,342.389,active,1,AF7+AF8,7.2656,5.5177,10.39,138.13,73.172,-0.70437,-0.68692,0.43624,0.63954,0.6908,0.49335,Hard,
2026-06-26T18:26:39,343.397,active,1,AF7+AF8,18.487,17.247,7.8378,120.75,54.112,-0.49728,-0.84194,0.18691,0.6379,0.67807,0.52312,Hard,
2026-06-26T18:26:40,344.405,active,1,AF7+AF8,164.77,59.666,21.798,105.07,72.427,0.12272,0.41787,-0.042011,0.61448,0.65423,0.51593,Hard,
2026-06-26T18:26:41,345.408,active,1,AF7+AF8,390.94,117.76,35.529,126.98,182.18,0.76016,1.5088,0.25225,0.58249,0.62814,0.50292,Hard,
2026-06-26T18:26:42,346.413,active,1,AF7+AF8,192.58,65.786,23.763,177.86,188.89,0.14337,0.44539,0.94569,0.58006,0.62464,0.49805,Hard,
2026-06-26T18:26:43,347.421,active,1,AF7+AF8,56.327,26.669,19.186,161.27,124.39,-0.3778,0.061182,0.70885,0.58018,0.62941,0.49172,Hard,
2026-06-26T18:26:44,348.426,active,1,AF7+AF8,42.121,20.5,21.967,130.48,83.639,-0.48478,0.29,0.29528,0.57064,0.62543,0.48124,Hard,
2026-06-26T18:26:45,349.434,active,1,AF7+AF8,549.78,37.824,28.91,123.6,138.19,-0.21984,0.99144,0.1998,0.55044,0.61665,0.46586,Hard,
2026-06-26T18:26:46,350.440,active,1,AF7+AF8,984.71,50.388,28.473,289.15,460.82,-0.051726,0.92573,2.4101,0.62666,0.71105,0.45558,Hard,
2026-06-26T18:26:47,351.446,active,1,AF7+AF8,122.67,15.74,15.2,264.05,368.55,-0.56027,-0.27306,2.0638,0.70838,0.75713,0.46073,Hard,
2026-06-26T18:26:48,352.453,active,1,AF7+AF8,32.673,12.264,9.465,191.32,235.94,-0.61376,-0.72139,1.1072,0.71168,0.75061,0.49236,Hard,
2026-06-26T18:26:49,353.455,active,1,AF7+AF8,24.602,25.284,12.931,168.01,183.25,-0.40639,-0.37852,0.8032,0.7035,0.73814,0.49485,Hard,
2026-06-26T18:26:50,354.457,active,1,AF7+AF8,117.17,67.213,31.793,163.61,150.35,0.16213,1.1035,0.75927,0.67393,0.71846,0.4816,Hard,
2026-06-26T18:26:51,355.465,active,1,AF7+AF8,784.81,140.96,35.013,152.6,129.18,1.0351,1.1242,0.59895,0.64523,0.68573,0.48597,Hard,
2026-06-26T18:26:52,356.469,active,1,AF7+AF8,18255,2507.2,462.61,355.92,180.16,29.86,29.681,3.4531,0.5678,0.60344,0.50784,Hard,
2026-06-26T18:26:53,357.478,active,1,AF7+AF8,17445,2739.6,568.99,303.2,148.41,32.557,36.829,2.7668,0.49966,0.53103,0.45958,Hard,
2026-06-26T18:26:54,358.487,active,1,AF7+AF8,809.81,310.05,66.756,108.54,67.085,3.0304,3.2144,0.034263,0.46003,0.48923,0.47005,Hard,
2026-06-26T18:26:55,359.494,active,1,AF7+AF8,780.88,141.58,23.336,104.55,54.456,1.0129,0.31459,-0.025076,0.45974,0.47529,0.53987,Hard,
2026-06-26T18:26:56,360.501,active,1,AF7+AF8,4447.4,420.08,16.138,117.45,125.24,4.3409,-0.22218,0.14,0.51099,0.43134,0.76035,Hard,
2026-06-26T18:26:57,361.503,active,1,AF7+AF8,1653.5,149.28,11.131,111.58,152.5,1.0493,-0.61805,0.035437,0.55297,0.42469,0.75276,Hard,
2026-06-26T18:26:58,362.505,active,1,AF7+AF8,19.001,18.841,12.935,104.42,93.886,-0.516,-0.49165,-0.054332,0.55386,0.50435,0.72207,Hard,
2026-06-26T18:26:59,363.511,active,1,AF7+AF8,106.41,71.089,23.415,91.712,61.498,0.44952,0.52775,-0.22758,0.5362,0.49377,0.69424,Hard,
2026-06-26T18:27:00,364.519,active,1,AF7+AF8,342.23,95.68,27.976,91.778,59.896,0.85029,0.82707,-0.22444,0.51644,0.47877,0.67128,Hard,
2026-06-26T18:27:01,365.525,active,1,AF7+AF8,329.36,98.349,54.615,102.91,106.06,0.65251,2.5046,-0.057396,0.48055,0.47078,0.62478,Hard,
2026-06-26T18:27:02,366.532,active,1,AF7+AF8,196.32,66.096,51.946,112.11,261.44,0.10884,2.39,0.053971,0.45135,0.4842,0.57887,Hard,
2026-06-26T18:27:03,367.541,active,1,AF7+AF8,42.877,14.617,16.87,156.47,288.01,-0.55268,-0.15677,0.65316,0.54047,0.58147,0.56349,Hard,
2026-06-26T18:27:04,368.547,active,1,AF7+AF8,103.96,21.968,18.459,188.26,189.65,-0.45756,-0.091086,1.1002,0.60298,0.64385,0.55039,Hard,
2026-06-26T18:27:05,369.551,active,1,AF7+AF8,329.28,46.781,27.984,186.86,176.19,-0.14068,0.68606,1.0704,0.59637,0.6457,0.53211,Hard,
2026-06-26T18:27:06,370.553,active,1,AF7+AF8,192.89,31.288,20.679,173.54,301.73,-0.35242,0.14413,0.86441,0.5955,0.64683,0.52085,Hard,
2026-06-26T18:27:07,371.554,active,1,AF7+AF8,19.982,11.491,13.921,169.21,323.45,-0.62065,-0.30076,0.8016,0.61884,0.66112,0.51356,Hard,
2026-06-26T18:27:08,372.563,active,1,AF7+AF8,40.072,15.622,15.182,168.3,277.92,-0.5636,-0.16278,0.7998,0.61875,0.66292,0.50594,Hard,
2026-06-26T18:27:09,373.569,active,1,AF7+AF8,45.298,15.962,13.588,231.96,515.38,-0.5504,-0.35234,1.7037,0.68942,0.71835,0.50226,Hard,
2026-06-26T18:27:10,374.576,active,1,AF7+AF8,46.488,20.907,15.676,253.56,373.94,-0.49697,-0.22803,2.0208,0.72865,0.75464,0.49796,Hard,
2026-06-26T18:27:11,375.583,active,1,AF7+AF8,193.87,76.711,28.067,287.75,444.14,0.23026,0.86339,2.4778,0.7242,0.75467,0.48879,Hard,
2026-06-26T18:27:12,376.593,active,1,AF7+AF8,203.34,60.553,32.335,444.69,809.12,0.0019804,1.3682,4.5887,0.78975,0.84686,0.4704,Hard,
2026-06-26T18:27:13,377.599,active,1,AF7+AF8,56.959,21.869,19.381,382.49,423.44,-0.48802,0.14811,3.7017,0.82908,0.87299,0.46449,Hard,
2026-06-26T18:27:14,378.604,active,1,AF7+AF8,38.44,14.949,15.289,191.5,151.28,-0.57331,-0.22946,1.1185,0.80908,0.85219,0.46361,Hard,
2026-06-26T18:27:15,379.607,active,1,AF7+AF8,44.763,17.982,17.571,139.51,143.95,-0.5021,0.013113,0.41993,0.77807,0.82352,0.46029,Hard,
2026-06-26T18:27:16,380.614,active,1,AF7+AF8,603.49,127.69,24.776,196.37,347.53,0.87414,0.58187,1.1926,0.75379,0.78947,0.506,Hard,
2026-06-26T18:27:17,381.620,active,1,AF7+AF8,5637.2,1001.4,63.52,183.75,275.51,11.426,3.022,1.0499,0.69594,0.6954,0.79355,Hard,
2026-06-26T18:27:18,382.632,active,1,AF7+AF8,3605.7,570.28,64.206,235.92,236.77,6.2381,3.0278,1.786,0.65438,0.62364,0.81707,Hard,
2026-06-26T18:27:19,383.639,active,1,AF7+AF8,171.13,40.397,36.931,226.53,287.14,-0.22984,1.2384,1.6395,0.64185,0.68027,0.75793,Hard,
2026-06-26T18:27:20,384.644,active,1,AF7+AF8,360.06,74.473,31.968,232.56,215.91,0.29527,1.1593,1.7286,0.63331,0.67926,0.71422,Hard,
2026-06-26T18:27:21,385.653,active,1,AF7+AF8,345.76,68.661,35.675,123.2,129.42,0.26046,1.5963,0.21184,0.59734,0.65702,0.66919,Hard,
2026-06-26T18:27:22,386.657,active,1,AF7+AF8,287.17,43.407,40.565,108.6,148.03,-0.16425,1.4863,-0.0042535,0.56428,0.64058,0.62544,Hard,
2026-06-26T18:27:23,387.663,active,1,AF7+AF8,419.51,84.207,43.052,217.36,310.37,0.40521,1.5944,1.4677,0.55467,0.63928,0.59306,Hard,
2026-06-26T18:27:24,388.673,active,1,AF7+AF8,118.69,37.231,21.334,169.05,223.82,-0.23245,0.14008,0.82511,0.57275,0.63807,0.57632,Hard,
2026-06-26T18:27:25,389.681,active,1,AF7+AF8,37.849,27.505,24.81,144.41,148.71,-0.35853,0.49493,0.50401,0.56415,0.63425,0.55455,Hard,
2026-06-26T18:27:26,390.685,active,1,AF7+AF8,28.828,19.219,16.478,200.87,96.979,-0.48427,-0.09862,1.3013,0.62657,0.67937,0.54224,Hard,
2026-06-26T18:27:27,391.693,active,1,AF7+AF8,54.417,26.228,16.295,181.44,87.762,-0.40114,-0.14374,1.0138,0.6351,0.67823,0.53331,Hard,
2026-06-26T18:27:28,392.697,active,1,AF7+AF8,124.41,35.332,27.783,131.97,95.583,-0.2466,0.84279,0.33051,0.61124,0.66544,0.51337,Hard,
2026-06-26T18:27:29,393.704,active,1,AF7+AF8,561.23,54.06,24.737,142.07,109.35,-0.045286,0.59895,0.45868,0.59579,0.65311,0.50218,Hard,
2026-06-26T18:27:30,394.708,active,1,AF7+AF8,921.05,79.198,32.222,260.51,251.81,0.23892,1.24,2.0578,0.59881,0.68897,0.48721,Hard,
2026-06-26T18:27:31,395.711,active,1,AF7+AF8,116.73,26.051,21.144,251.38,181.53,-0.42461,0.30774,1.9274,0.65477,0.73413,0.47788,Hard,
2026-06-26T18:27:32,396.715,active,1,AF7+AF8,78.31,19.237,14.185,195.84,130.59,-0.52465,-0.37698,1.202,0.67454,0.73043,0.48008,Hard,
2026-06-26T18:27:33,397.723,active,1,AF7+AF8,179.35,31.685,13.959,191.27,141.67,-0.30764,-0.47211,1.138,0.68445,0.72357,0.50436,Hard,
2026-06-26T18:27:34,398.727,active,1,AF7+AF8,225.54,99.951,18.983,181.15,122.79,0.68942,-0.010802,1.008,0.67727,0.70151,0.55373,Hard,
2026-06-26T18:27:35,399.734,active,1,AF7+AF8,80.909,61.301,18.511,165.65,75.292,0.11804,0.034875,0.79985,0.66734,0.68746,0.54853,Hard,
2026-06-26T18:27:36,400.742,active,1,AF7+AF8,128.02,32.73,19.161,125.22,73.271,-0.27904,0.12967,0.23868,0.64889,0.67268,0.5366,Hard,
2026-06-26T18:27:37,401.750,active,1,AF7+AF8,202.16,49.214,29.704,130.35,130.96,-0.082796,0.86572,0.30047,0.6226,0.65769,0.51824,Hard,
2026-06-26T18:27:38,402.754,active,1,AF7+AF8,157.97,102.62,29.618,125.41,112.59,0.77391,1.0003,0.21765,0.5963,0.63048,0.51266,Hard,
2026-06-26T18:27:39,403.758,active,1,AF7+AF8,422.77,88.762,41.719,192.12,338.88,0.49171,2.3399,1.1099,0.56685,0.62402,0.48523,Hard,
2026-06-26T18:27:40,404.764,active,1,AF7+AF8,252.08,44.673,27.474,268.77,514.41,-0.17465,1.0264,2.1616,0.60967,0.70729,0.46951,Hard,
2026-06-26T18:27:41,405.772,active,1,AF7+AF8,41.211,23.035,16.633,218.08,226.42,-0.44037,-0.15415,1.4822,0.66018,0.71695,0.46888,Hard,
2026-06-26T18:27:42,406.781,active,1,AF7+AF8,63.972,20.509,17.24,187.98,141.48,-0.4887,-0.13824,1.0894,0.65881,0.71343,0.46737,Hard,
2026-06-26T18:27:43,407.789,active,1,AF7+AF8,141.05,43.64,21.366,151.74,107.26,-0.13076,0.32277,0.59739,0.64387,0.69862,0.46452,Hard,
2026-06-26T18:27:44,408.800,active,1,AF7+AF8,158.83,84.609,29.229,118.12,90.574,0.53004,1.1373,0.12547,0.61174,0.66874,0.45973,Hard,
2026-06-26T18:27:45,409.807,active,1,AF7+AF8,170.34,120.95,39.945,120.62,90.335,1.0423,2.1066,0.16158,0.57126,0.63549,0.44897,Hard,
2026-06-26T18:27:46,410.814,active,1,AF7+AF8,190.53,87.567,36.455,156.05,162.01,0.43142,1.5158,0.64071,0.54979,0.62237,0.43921,Hard,
2026-06-26T18:27:47,411.824,active,1,AF7+AF8,92.63,34.803,16.129,144.04,135.66,-0.3032,-0.25158,0.4733,0.57369,0.61919,0.47181,Hard,
2026-06-26T18:27:48,412.829,active,1,AF7+AF8,89.638,18.143,17.027,119.39,111.33,-0.50538,-0.12882,0.13583,0.56881,0.61442,0.46956,Hard,
2026-06-26T18:27:49,413.837,active,1,AF7+AF8,77.999,30.5,19.678,88.207,96.279,-0.30973,0.12988,-0.27852,0.55445,0.60116,0.46665,Hard,
2026-06-26T18:27:50,414.844,active,1,AF7+AF8,222.38,116.79,26.951,78.998,46.558,0.74783,0.57329,-0.39744,0.53364,0.57229,0.49974,Hard,
2026-06-26T18:27:51,415.850,active,1,AF7+AF8,6320.2,507.44,98.932,723.63,337.44,5.7334,5.7448,8.7667,0.70498,0.72095,0.4996,Hard,
2026-06-26T18:27:52,416.858,active,1,AF8,35940,354.02,94.445,149.95,79.815,5.7806,7.9387,0.92236,0.62387,0.64415,0.47009,Hard,
2026-06-26T18:27:53,417.862,active,1,AF8,11481,736.97,145.26,293.75,148.94,12.878,13,2.8157,0.54974,0.56763,0.47889,Hard,
2026-06-26T18:27:54,418.867,active,1,AF8,84842,11685,2827.8,1482,218.4,215.77,280.17,18.461,0.48377,0.49951,0.42142,Hard,
2026-06-26T18:27:55,419.872,active,1,AF8,1.4078e+05,11051,3015,1240.7,291.17,204.03,298.82,15.284,0.42572,0.43957,0.37085,Hard,
2026-06-26T18:27:56,420.878,active,1,AF8,22980,1143.7,175.17,167.79,168.45,20.416,15.979,1.1573,0.3747,0.38683,0.68947,Hard,
2026-06-26T18:27:57,421.888,active,1,AF8,742.13,71.447,28.213,138.15,98.801,0.54371,1.3424,0.76698,0.40702,0.47146,0.65491,Hard,
2026-06-26T18:27:58,422.893,active,1,AF8,92.961,19.731,8.1221,92.588,58.201,-0.41471,-0.65856,0.16701,0.52386,0.53191,0.63998,Hard,
2026-06-26T18:27:59,423.899,active,1,AF8,107.9,26.172,10.17,84.847,59.244,-0.29535,-0.45461,0.06509,0.5483,0.53972,0.62557,Hard,
2026-06-26T18:28:00,424.909,active,1,AF8,53.672,15.906,9.0279,73.373,46.319,-0.48561,-0.56835,-0.085989,0.55532,0.54576,0.61174,Hard,
2026-06-26T18:28:01,425.915,active,1,AF8,109.61,23.259,8.0043,70.532,81.681,-0.34934,-0.6703,-0.1234,0.56289,0.54366,0.60314,Hard,
2026-06-26T18:28:02,426.920,active,1,AF8,188.92,36.071,13.866,149.05,368.7,-0.1119,-0.086493,0.91045,0.59842,0.59251,0.59038,Hard,
2026-06-26T18:28:03,427.925,active,1,AF8,64.412,22.924,16.908,185.08,338.77,-0.35555,0.21647,1.3849,0.62459,0.65988,0.57101,Hard,
2026-06-26T18:28:04,428.928,active,1,AF8,75.268,23.91,16.056,144.38,178.09,-0.33728,0.13158,0.849,0.62029,0.65798,0.55549,Hard,
2026-06-26T18:28:05,429.931,active,1,AF8,29.722,9.9815,8.8489,94.18,157.98,-0.5954,-0.58617,0.18798,0.61732,0.65063,0.54869,Hard,
2026-06-26T18:28:06,430.936,active,1,AF8,20.703,7.4998,13.048,80.163,134.92,-0.64139,-0.16796,0.0034086,0.60581,0.64214,0.53578,Hard,
2026-06-26T18:28:07,431.945,active,1,AF7+AF8,135.29,22.249,33.437,116.79,92.002,-0.48217,1.0203,0.13189,0.58,0.63422,0.50995,Hard,
2026-06-26T18:28:08,432.950,active,1,AF7+AF8,158.84,37.551,44.527,121.64,80.544,-0.25055,1.8698,0.19489,0.54665,0.62477,0.47963,Hard,
2026-06-26T18:28:09,433.956,active,1,AF7+AF8,92.258,39.272,18.526,96.403,64.695,-0.19064,0.067019,-0.15536,0.53772,0.61033,0.47822,Hard,
2026-06-26T18:28:10,434.959,active,1,AF8,97.63,30.184,16.241,73.488,111.25,-0.22099,0.15,-0.084484,0.52968,0.59914,0.47528,Hard,
2026-06-26T18:28:11,435.962,active,1,AF8,104.15,21.521,19.204,125.93,405.69,-0.38155,0.44513,0.60596,0.52853,0.61225,0.46602,Hard,
2026-06-26T18:28:12,436.971,active,1,AF8,25.65,10.994,8.9128,135.11,359.31,-0.57663,-0.57981,0.72685,0.60607,0.63934,0.48665,Hard,
2026-06-26T18:28:13,437.983,active,1,AF8,93.391,19.602,21.071,119.22,327.9,-0.41711,0.63104,0.51771,0.59164,0.63639,0.47288,Hard,
2026-06-26T18:28:14,438.996,active,1,AF8,157.2,20.654,25.761,154.51,368.67,-0.39761,1.0982,0.98237,0.57891,0.65414,0.45469,Hard,
2026-06-26T18:28:15,440.011,active,1,AF8,61.117,8.7876,16.441,174.75,206.32,-0.61752,0.16992,1.2488,0.61057,0.69228,0.44846,Hard,
2026-06-26T18:28:16,441.022,active,1,AF8,48.515,37.147,15.956,173.36,115.7,-0.091961,0.12168,1.2305,0.62533,0.68835,0.46338,Hard,
2026-06-26T18:28:17,442.033,active,1,AF8,707.95,120.57,23.56,139.69,84.8,1.454,0.87903,0.7872,0.60891,0.65584,0.52818,Hard,
2026-06-26T18:28:18,443.042,active,1,AF7+AF8,5231.5,641.63,86.932,181.98,127.37,10.804,5.8384,1.0565,0.5459,0.57805,0.76502,Hard,
2026-06-26T18:28:19,444.048,active,1,AF7+AF8,5918.7,670.9,127.93,241.93,163.14,10.87,8.8369,1.9047,0.48403,0.51003,0.76133,Hard,
2026-06-26T18:28:20,445.053,active,1,AF7+AF8,2878.7,251.74,79.159,231.13,120.25,3.0189,5.1469,1.7295,0.44435,0.49013,0.70076,Hard,
2026-06-26T18:28:21,446.063,active,1,AF7+AF8,277.89,73.19,28.228,151.46,69.407,0.23165,0.78184,0.62621,0.46607,0.52555,0.66847,Hard,
2026-06-26T18:28:22,447.075,active,1,AF7+AF8,151.49,56.802,27.022,150.91,72.017,0.063497,0.68471,0.63846,0.48296,0.55305,0.63901,Hard,
2026-06-26T18:28:23,448.085,active,1,AF8,3192.4,253.87,70.019,195.41,226.01,3.9245,5.5061,1.5208,0.4394,0.51442,0.59977,Hard,
2026-06-26T18:28:24,449.095,active,1,AF8,5027.1,338.43,68.577,447.9,835.27,5.4916,5.3625,4.8454,0.43896,0.50308,0.58973,Hard,
2026-06-26T18:28:25,450.104,active,1,AF8,449.25,54.717,19.654,259.19,438.38,0.23366,0.48991,2.3606,0.60648,0.64724,0.57512,Hard,
2026-06-26T18:28:26,451.108,active,1,AF8,327.87,73.018,25.165,198.37,167.17,0.57282,1.0388,1.5599,0.60147,0.64409,0.55915,Hard,
2026-06-26T18:28:27,452.115,active,1,AF8,149.46,56.147,17.943,266.61,320.66,0.26017,0.31952,2.4583,0.68728,0.70769,0.55116,Hard,
2026-06-26T18:28:28,453.124,active,1,AF7+AF8,29352,1733.9,1325.7,2884,3370.9,20.339,87.6,39.325,0.60481,0.88303,0.48502,Hard,
2026-06-26T18:28:29,454.131,active,1,AF7+AF8,11907,609.02,295.52,708.56,676.76,6.6951,18.634,8.5004,0.53298,0.86245,0.42713,Hard,
2026-06-26T18:28:30,455.141,active,1,AF7+AF8,141.37,27.46,29.642,179.33,138.96,-0.38528,1.008,1.0025,0.52894,0.83897,0.41578,Hard,
2026-06-26T18:28:31,456.149,active,1,AF7+AF8,85.964,16.784,33.959,131.88,93.205,-0.54356,1.2973,0.34555,0.51145,0.81142,0.40007,Hard,
2026-06-26T18:28:32,457.161,active,1,AF7+AF8,51.433,24.13,37.81,160.54,129.64,-0.43945,1.4663,0.73991,0.4993,0.79124,0.38546,Hard,
2026-06-26T18:28:33,458.172,active,1,AF7+AF8,46.991,36.311,28.655,148,141.99,-0.23973,0.86781,0.55254,0.49467,0.76802,0.383,Hard,
2026-06-26T18:28:34,459.178,active,1,AF7+AF8,170.72,121.34,52,250.58,394.19,0.82083,2.3872,1.9611,0.48894,0.75252,0.37468,Hard,
2026-06-26T18:28:35,460.187,active,1,AF8,112.94,43.473,19.363,409.22,1099.3,0.025277,0.46099,4.3361,0.72003,0.83871,0.41732,Hard,
2026-06-26T18:28:36,461.196,active,1,AF8,72.46,55.832,15.608,361.74,1114.6,0.25433,0.086998,3.7109,0.80377,0.845,0.47947,Hard,
2026-06-26T18:28:37,462.205,active,1,AF8,69.999,133.5,17.304,222.74,312.28,1.6937,0.25593,1.8807,0.79043,0.8064,0.59521,Hard,
2026-06-26T18:28:38,463.213,active,1,AF8,292.39,139.9,27.213,151.67,158.79,1.8123,1.2428,0.945,0.75112,0.75683,0.59227,Hard,
2026-06-26T18:28:39,464.226,active,1,AF7+AF8,1138.1,51.577,23.898,123.13,76.946,-0.012519,0.39975,0.2219,0.71832,0.72952,0.57503,Hard,
2026-06-26T18:28:40,465.233,active,1,AF7+AF8,878.27,73.901,19.006,130.31,76.188,0.24592,0.047719,0.32474,0.69627,0.70316,0.569,Hard,
2026-06-26T18:28:41,466.242,active,1,AF7+AF8,267.58,51.429,19.927,111.63,50.956,-0.047772,0.10155,0.070571,0.67225,0.68055,0.55848,Hard,
2026-06-26T18:28:42,467.247,active,1,AF7+AF8,33.129,22.552,21.01,102.12,55.936,-0.45872,0.15567,-0.061723,0.64833,0.66482,0.54232,Hard,
2026-06-26T18:28:43,468.259,active,1,AF7+AF8,29.548,17.033,12.759,118.41,55.06,-0.51349,-0.49026,0.17855,0.64047,0.65532,0.53689,Hard,
2026-06-26T18:28:44,469.268,active,1,AF7+AF8,31.743,16.974,8.7396,113.21,48.817,-0.52029,-0.7461,0.11122,0.63628,0.64608,0.53585,Hard,
2026-06-26T18:28:45,470.271,active,1,AF7+AF8,23.567,11.352,8.408,111.96,42.478,-0.61073,-0.77044,0.092348,0.63267,0.63899,0.53394,Hard,
2026-06-26T18:28:47,471.280,active,1,AF7+AF8,19.209,14.265,10.955,84.376,37.758,-0.56404,-0.61169,-0.2943,0.6215,0.62635,0.53058,Hard,
2026-06-26T18:28:48,472.293,active,1,AF7+AF8,45.945,22.908,17.4,57.591,39.409,-0.40672,-0.10498,-0.67525,0.59842,0.60717,0.5224,Hard,
2026-06-26T18:28:49,473.307,active,1,AF7+AF8,68.636,20.813,17.262,46.748,27.77,-0.44409,-0.0486,-0.82955,0.57504,0.58854,0.5138,Hard,
2026-06-26T18:28:50,474.314,active,1,AF7+AF8,35.327,11.168,12.976,43.965,26.995,-0.61522,-0.46522,-0.86972,0.55999,0.5741,0.50989,Hard,
2026-06-26T18:28:51,475.324,active,1,AF7+AF8,139.56,18.321,14.566,70.979,41.196,-0.52754,-0.31472,-0.496,0.55008,0.56569,0.50551,Hard,
2026-06-26T18:28:52,476.333,active,1,AF7+AF8,726.5,85.697,24.976,122.43,79.605,0.35606,0.65174,0.19956,0.53731,0.55546,0.50043,Hard,
2026-06-26T18:28:53,477.340,active,1,AF7+AF8,373.14,50.386,14.393,90.897,63.159,-0.12247,-0.32113,-0.23561,0.53412,0.54711,0.51506,Hard,
2026-06-26T18:28:54,478.346,active,1,AF7+AF8,108.03,27.192,16.474,79.154,43.363,-0.41323,-0.19681,-0.37947,0.52729,0.54196,0.51001,Hard,
2026-06-26T18:28:55,479.353,active,1,AF7+AF8,97.815,26.118,24.63,72.289,40.203,-0.38521,0.52497,-0.47278,0.50935,0.53561,0.49538,Hard,
2026-06-26T18:28:56,480.356,active,1,AF7+AF8,59.97,22.098,20.062,60.673,33.252,-0.46223,0.10957,-0.63701,0.49716,0.52872,0.48742,Hard,
2026-06-26T18:28:57,481.367,active,1,AF7+AF8,127.66,46.704,30.058,86.87,64.045,-0.076334,0.91296,-0.2851,0.48004,0.52214,0.47438,Hard,
2026-06-26T18:28:58,482.374,active,1,AF7+AF8,710.09,68.054,37.318,146.35,109.94,0.2063,1.4542,0.53972,0.46896,0.53381,0.45932,Hard,
2026-06-26T18:28:59,483.386,active,1,AF7+AF8,3220.9,195.51,37.759,220.37,199.66,1.7706,1.3892,1.5685,0.50102,0.52672,0.51225,Hard,
2026-06-26T18:29:00,484.400,active,1,AF7+AF8,2024.3,416.96,171.35,330.75,289.28,4.3568,10.367,3.1393,0.44405,0.5058,0.45644,Hard,
2026-06-26T18:29:01,485.402,active,1,AF7+AF8,17190,3965.2,1524.4,1926.8,1682.6,47.44,101.11,25.795,0.39076,0.4451,0.40167,Hard,
2026-06-26T18:29:02,486.405,active,1,AF7+AF8,35492,4393.2,1470.5,1586.2,1311.4,52.48,97.305,20.925,0.34387,0.39169,0.35347,Hard,
2026-06-26T18:29:03,487.415,active,1,AF7+AF8,4814.7,339.33,92.101,254.49,350.61,3.3566,4.8504,2.0333,0.32618,0.38553,0.34963,Hard,
2026-06-26T18:29:04,488.420,active,1,AF7+AF8,198.28,33.606,23.249,196.59,217.83,-0.25432,0.46883,1.2222,0.48631,0.56018,0.3862,Hard,
2026-06-26T18:29:05,489.433,active,1,AF7+AF8,539.09,47.5,26.358,144.42,103.97,-0.064428,0.80038,0.50249,0.4835,0.56631,0.39061,Hard,
2026-06-26T18:29:06,490.445,active,1,AF7+AF8,449.18,46.93,16.391,92.717,54.428,-0.054184,-0.090755,-0.19383,0.48567,0.55626,0.45899,Hard,
2026-06-26T18:29:07,491.458,active,1,AF7+AF8,116.64,18.421,11.152,104.79,61.968,-0.51033,-0.59462,-0.017225,0.53727,0.5593,0.48992,Hard,
2026-06-26T18:29:08,492.469,active,1,AF7+AF8,20.053,13.451,11.268,87.964,54.237,-0.58407,-0.57257,-0.26476,0.53795,0.55696,0.4951,Hard,
2026-06-26T18:29:09,493.484,active,1,AF7+AF8,265.76,49.489,18.651,128.02,125.93,-0.055041,0.17885,0.27978,0.53491,0.55514,0.49219,Hard,
2026-06-26T18:29:10,494.495,active,1,AF7+AF8,603.83,59.343,30.396,137.65,195.32,0.16623,1.2011,0.41507,0.51908,0.55225,0.47794,Hard,
2026-06-26T18:29:11,495.498,active,1,AF7+AF8,172.77,31.469,28.906,128.22,84.711,-0.2765,1.0622,0.29403,0.50541,0.5634,0.46122,Hard,
2026-06-26T18:29:12,496.511,active,1,AF7+AF8,53.925,44.594,21.021,159.5,80.736,-0.11059,0.36144,0.73329,0.52997,0.58773,0.45883,Hard,
2026-06-26T18:29:13,497.518,active,1,AF7+AF8,38.597,36.797,28.652,153.41,75.821,-0.17918,0.73004,0.65263,0.52521,0.59659,0.45036,Hard,
2026-06-26T18:29:14,498.534,active,1,AF7+AF8,178.94,43.082,37.677,124.38,97.114,-0.12832,1.6902,0.22627,0.50116,0.59031,0.43078,Hard,
2026-06-26T18:29:15,499.549,active,1,AF7+AF8,663.92,88.838,35.741,115.49,86.513,0.40108,1.422,0.11541,0.48209,0.57519,0.42409,Hard,
2026-06-26T18:29:16,500.559,active,1,AF7+AF8,443.79,84.556,28.036,69.972,55.85,0.39357,0.66633,-0.5108,0.46708,0.55283,0.44921,Hard,
2026-06-26T18:29:17,501.572,active,1,AF7+AF8,6760.2,454.41,62.089,181.03,265.51,5.0749,3.0243,1.0007,0.44302,0.50033,0.62128,Hard,
2026-06-26T18:29:18,502.580,active,1,AF7+AF8,9573.4,558.13,65.972,331.66,950.58,6.4434,3.4817,3.0301,0.44349,0.45873,0.73733,Hard,
2026-06-26T18:29:19,503.585,active,1,AF7+AF8,757.79,56.495,39.898,371.65,1113.9,0.0069891,1.9439,3.612,0.59572,0.69856,0.68188,Hard,
2026-06-26T18:29:20,504.587,active,1,AF7+AF8,27.422,19.593,32.615,422.22,1166.4,-0.51368,1.4773,4.2942,0.7204,0.8297,0.63243,Hard,
2026-06-26T18:29:21,505.601,active,1,AF7+AF8,28.723,10.613,14.459,386.61,987.95,-0.63,-0.16592,3.8238,0.81631,0.87346,0.60961,Hard,
2026-06-26T18:29:22,506.614,active,1,AF7+AF8,56.318,13.139,11.975,345.95,582.33,-0.59313,-0.38605,3.2612,0.84313,0.8734,0.59335,Hard,
2026-06-26T18:29:23,507.627,active,1,AF7+AF8,70.474,24.714,21.616,294.98,486.58,-0.43936,0.39012,2.5362,0.83137,0.86648,0.56988,Hard,
2026-06-26T18:29:24,508.643,active,1,AF7+AF8,102.06,35.263,30.693,347.92,487.82,-0.30971,1.0486,3.2991,0.8222,0.86555,0.54187,Hard,
2026-06-26T18:29:25,509.649,active,1,AF7+AF8,106.58,51.448,30.179,233.78,226.76,-0.04911,0.94902,1.7352,0.79518,0.8468,0.52218,Hard,
2026-06-26T18:29:26,510.657,active,1,AF7+AF8,86.57,49.35,23.626,159.26,240.86,-0.067955,0.50869,0.69607,0.76257,0.81651,0.51093,Hard,
2026-06-26T18:29:27,511.658,active,1,AF7+AF8,210.61,81.148,29.902,322.07,834.48,0.46146,1.1425,2.9177,0.75607,0.81134,0.4995,Hard,
2026-06-26T18:29:28,512.667,active,1,AF7+AF8,131.79,44.455,23.889,373.93,555.02,-0.092666,0.4963,3.6518,0.79976,0.84457,0.49079,Hard,
2026-06-26T18:29:29,513.681,active,1,AF7+AF8,138.12,53.791,24.093,216.31,170.23,0.011683,0.40371,1.4762,0.7795,0.82426,0.48603,Hard,
2026-06-26T18:29:30,514.693,active,1,AF7+AF8,94.96,37.838,16.022,169.47,164.2,-0.24215,-0.20789,0.8431,0.76137,0.80124,0.49184,Hard,
2026-06-26T18:29:31,515.700,active,1,AF7+AF8,248.48,63.399,25.77,239.37,407.57,0.15186,0.6529,1.7938,0.74667,0.78842,0.48534,Hard,
2026-06-26T18:29:32,516.711,active,1,AF7+AF8,193.78,56.082,18.334,241.97,340.05,0.073657,0.017692,1.8316,0.74255,0.7786,0.49834,Hard,
2026-06-26T18:29:33,517.724,active,1,AF7+AF8,84.759,39.578,18.269,147.81,139.38,-0.17748,-0.091199,0.53931,0.72283,0.75581,0.49724,Hard,
2026-06-26T18:29:34,518.736,active,1,AF7+AF8,33.643,26.215,22.892,116.12,77.104,-0.36686,0.23743,0.11591,0.69427,0.73232,0.48858,Hard,
2026-06-26T18:29:35,519.741,active,1,AF7+AF8,17.411,17.282,12.306,104.48,85.247,-0.49371,-0.51953,-0.034269,0.6782,0.7113,0.49737,Hard,
2026-06-26T18:29:36,520.751,active,1,AF7+AF8,83.328,17.3,15.238,138.76,99.286,-0.52838,-0.31531,0.44339,0.66806,0.70024,0.49449,Hard,
2026-06-26T18:29:37,521.764,active,1,AF7+AF8,101.94,23.379,22.58,179.54,124.13,-0.43575,0.24672,1.0116,0.65923,0.69702,0.48501,Hard,
2026-06-26T18:29:38,522.775,active,1,AF7+AF8,168.73,28.496,22.149,99.993,86.173,-0.30717,0.21273,-0.10808,0.63532,0.67636,0.47906,Hard,
2026-06-26T18:29:39,523.787,active,1,AF7+AF8,461.79,57.38,19.755,73.727,57.374,0.16507,0.14751,-0.47495,0.60982,0.64568,0.49294,Hard,
2026-06-26T18:29:40,524.797,active,1,AF7+AF8,143.89,28.878,17.705,81.855,75.038,-0.33343,0.02506,-0.36071,0.59087,0.62779,0.48842,Hard,
2026-06-26T18:29:41,525.810,active,1,AF7+AF8,50.288,23.62,19.356,97.125,81.614,-0.41535,0.067856,-0.15343,0.57665,0.61638,0.4826,Hard,
2026-06-26T18:29:42,526.824,active,1,AF7+AF8,2079.8,285.07,40.258,144.99,91.48,2.8374,1.7638,0.50862,0.54922,0.57096,0.57168,Hard,
2026-06-26T18:29:43,527.832,active,1,AF7+AF8,6993.7,718.47,64.213,272.02,147.31,8.1671,3.4878,2.2322,0.52508,0.50831,0.77594,Hard,
2026-06-26T18:29:44,528.842,active,1,AF7+AF8,2204.4,147.87,37.059,207.46,129.78,1.1722,1.5159,1.3482,0.51955,0.51652,0.73768,Hard,
2026-06-26T18:29:45,529.853,active,1,AF7+AF8,546.97,39.16,27.988,121.98,81.513,-0.18059,0.79582,0.21275,0.50852,0.53601,0.6948,Hard,
2026-06-26T18:29:46,530.859,active,1,AF7+AF8,2041,310.46,48.081,102.72,69.287,3.3344,2.4734,-0.049724,0.47398,0.49035,0.68414,Hard,
2026-06-26T18:29:47,531.871,active,1,AF7+AF8,9601.8,1117.9,118.96,182.26,187.66,13.277,7.3656,1.0299,0.42195,0.43177,0.84398,Hard,
2026-06-26T18:29:48,532.883,active,1,AF7+AF8,3373.5,307.75,50.138,180.72,252,3.1676,2.1719,0.97374,0.41386,0.41,0.81733,Hard,
2026-06-26T18:29:49,533.890,active,1,AF7+AF8,41.668,15.634,17.377,209.6,162.46,-0.54288,-0.17232,1.348,0.57438,0.59612,0.77371,Hard,
2026-06-26T18:29:50,534.900,active,1,AF7+AF8,34.183,17.412,15.175,226.98,120.16,-0.51338,-0.23271,1.5727,0.65666,0.68211,0.73666,Hard,
2026-06-26T18:29:51,535.910,active,1,AF7+AF8,40.811,14.007,13.576,149.77,98.068,-0.55636,-0.31708,0.54979,0.65066,0.67644,0.70468,Hard,
2026-06-26T18:29:52,536.912,active,1,AF7+AF8,205.2,28.686,19.06,144.74,173.81,-0.34199,0.042365,0.48428,0.63918,0.66749,0.67437,Hard,
2026-06-26T18:29:53,537.923,active,1,AF7+AF8,413.24,72.81,37.618,296.33,566.79,0.36298,1.6495,2.5402,0.63563,0.71587,0.63479,Hard,
2026-06-26T18:29:54,538.938,active,1,AF7+AF8,311.33,58.719,26.091,374.07,578.19,0.12312,0.71293,3.6426,0.74161,0.79825,0.60983,Hard,
2026-06-26T18:29:55,539.943,active,1,AF7+AF8,4116.2,259.82,55.128,280.08,284.69,2.5703,2.7167,2.3898,0.70773,0.75976,0.59445,Hard,
2026-06-26T18:29:56,540.950,active,1,AF7+AF8,3936.3,306.1,45.074,122.91,72.598,3.066,1.9909,0.22343,0.65789,0.69192,0.61652,Hard,
2026-06-26T18:29:57,541.969,active,1,AF7+AF8,277.49,114.02,26.573,132.33,92.668,0.70257,0.59218,0.34097,0.63518,0.66348,0.60419,Hard,
2026-06-26T18:29:58,542.982,active,1,AF7+AF8,566.05,59.018,51.088,158.74,92.072,0.10798,2.382,0.72064,0.59538,0.65298,0.56084,Hard,
2026-06-26T18:29:59,543.989,active,1,AF7+AF8,510.63,41.546,48.213,155.24,77.491,-0.18141,2.1163,0.67738,0.56323,0.64731,0.52242,Hard,
2026-06-26T18:30:00,545.000,active,1,AF7+AF8,351.6,82.578,25.54,79.82,52.636,0.29076,0.50985,-0.37461,0.54259,0.61975,0.51645,Hard,
2026-06-26T18:30:01,546.004,active,1,AF7+AF8,392.87,90.809,24.777,75.66,56.146,0.46961,0.37175,-0.43198,0.52558,0.59208,0.51594,Hard,
2026-06-26T18:30:02,547.009,active,1,AF7+AF8,515.47,68.687,36.834,107.57,85.693,0.20238,1.3478,0.0075964,0.50313,0.57811,0.4973,Hard,
2026-06-26T18:30:03,548.021,active,1,AF7+AF8,138.97,28.592,30.496,117.71,69.849,-0.37249,0.95583,0.14966,0.49082,0.57652,0.4784,Hard,
2026-06-26T18:30:04,549.026,active,1,AF7+AF8,2784.1,356.6,32.286,133.37,80.02,3.678,0.88881,0.3712,0.4842,0.52662,0.67215,Hard,
2026-06-26T18:30:05,550.039,active,1,AF7+AF8,6261.4,763.23,46.517,143.63,111.4,8.7138,1.7251,0.50483,0.46834,0.46537,0.85118,Hard,
2026-06-26T18:30:06,551.049,active,1,AF7+AF8,1396.8,186.09,39.852,95.95,62.663,1.5675,1.3321,-0.14658,0.45092,0.44528,0.81256,Hard,
2026-06-26T18:30:07,552.060,active,1,AF7+AF8,446.2,147.48,62.143,100.23,63.64,1.1676,2.8364,-0.079774,0.41946,0.43372,0.75138,Hard,
2026-06-26T18:30:08,553.067,active,1,AF7+AF8,2012.5,259.99,37.601,83.261,76.371,2.5849,1.3187,-0.34156,0.40556,0.40423,0.7396,Hard,
2026-06-26T18:30:09,554.078,active,1,AF7+AF8,13343,1323.8,64.489,179.3,158.96,15.807,3.8557,0.9452,0.3796,0.35579,0.89432,Hard,
2026-06-26T18:30:10,555.088,active,1,AF7+AF8,4931.3,494.38,38.436,183.08,151.91,5.505,1.6688,1.021,0.40367,0.32462,0.89163,Hard,
2026-06-26T18:30:11,556.100,active,1,AF7+AF8,372.74,72.986,39.438,135.89,116.52,0.32442,1.689,0.38853,0.39638,0.43466,0.82493,Hard,
2026-06-26T18:30:12,557.115,active,1,AF7+AF8,709.51,128.17,45.312,148.98,92.845,1.0891,2.1093,0.56638,0.38676,0.43488,0.77096,Hard,
2026-06-26T18:30:13,558.125,active,1,AF7+AF8,923.5,122.21,25.177,144.19,72.715,0.97493,0.50332,0.51063,0.45525,0.43928,0.74548,Hard,
2026-06-26T18:30:14,559.140,active,1,AF7+AF8,1754.7,135.71,25.636,142.33,95.327,1.0502,0.50405,0.48318,0.48054,0.43812,0.72417,Hard,
2026-06-26T18:30:15,560.153,active,1,AF7+AF8,1468.4,110.72,21.229,120.4,84.63,0.69136,0.2528,0.18805,0.48736,0.43804,0.70382,Hard,
2026-06-26T18:30:16,561.162,active,1,AF7+AF8,845.85,50.153,18.388,78.545,49.614,-0.066386,-0.014053,-0.39108,0.48324,0.45092,0.67858,Hard,
2026-06-26T18:30:17,562.173,active,1,AF7+AF8,1719.7,125.05,49.834,118.54,67.466,1.0243,2.4873,0.14547,0.45365,0.44383,0.63613,Hard,
2026-06-26T18:30:18,563.179,active,1,AF7+AF8,808.59,83.971,32.532,147.5,86.294,0.4038,1.1354,0.54483,0.45042,0.48811,0.60894,Hard,
2026-06-26T18:30:19,564.190,active,1,AF7+AF8,50.148,28.076,13.121,143.16,93.042,-0.38538,-0.47407,0.49386,0.55138,0.56014,0.5972,Hard,
2026-06-26T18:30:20,565.197,active,1,AF7+AF8,195.75,31.208,17.218,122.14,91.155,-0.37292,-0.22433,0.20383,0.55254,0.56702,0.58331,Hard,
2026-06-26T18:30:21,566.208,active,1,AF7+AF8,1026.6,54.995,31.944,160.87,111.9,-0.062206,0.84089,0.75154,0.5449,0.58701,0.55999,Hard,
2026-06-26T18:30:22,567.218,active,1,AF7+AF8,787.22,39.038,29.122,165.58,90.845,-0.25807,0.66185,0.80439,0.54165,0.61267,0.53923,Hard,
2026-06-26T18:30:23,568.227,active,1,AF7+AF8,47.66,13.905,16.528,145.17,79.201,-0.5793,-0.21999,0.52945,0.57222,0.62616,0.52915,Hard,
2026-06-26T18:30:24,569.240,active,1,AF7+AF8,87.176,15.145,12.325,169.78,95.592,-0.55343,-0.48718,0.88036,0.62763,0.65362,0.52466,Hard,
2026-06-26T18:30:25,570.250,active,1,AF7+AF8,222.92,48.161,16.859,208.05,121.95,-0.065248,-0.082005,1.4066,0.65781,0.66711,0.52195,Hard,
2026-06-26T18:30:26,571.258,active,1,AF7+AF8,563.79,124.56,27.298,218.33,119.77,0.91713,0.62131,1.5531,0.6526,0.65651,0.53093,Hard,
2026-06-26T18:30:27,572.263,active,1,AF7+AF8,4533.4,680.19,98.888,286.13,313.22,7.6488,5.5976,2.5034,0.59535,0.58624,0.65401,Hard,
2026-06-26T18:30:28,573.276,active,1,AF7+AF8,2461.1,337.81,63.36,403.57,636.67,3.4353,3.1649,4.0924,0.60649,0.58566,0.63957,Hard,
2026-06-26T18:30:30,574.289,active,1,AF7+AF8,27.352,17.179,14.64,415.42,441.49,-0.5318,-0.34268,4.1785,0.78593,0.78227,0.61999,Hard,
2026-06-26T18:30:31,575.301,active,1,AF7+AF8,61.03,28.236,19.65,355.27,216.69,-0.37461,-0.025767,3.4086,0.82303,0.83427,0.60037,Hard,
2026-06-26T18:30:32,576.309,active,1,AF7+AF8,212.11,52.615,19.49,275.86,172.96,-0.044221,-0.011036,2.3501,0.81607,0.82632,0.58783,Hard,
2026-06-26T18:30:33,577.324,active,1,AF7+AF8,280.05,25.613,18.618,168.33,124.32,-0.42102,0.045437,0.84866,0.79003,0.80559,0.57033,Hard,
2026-06-26T18:30:34,578.333,active,1,AF7+AF8,437.48,32.406,24.392,136.18,124.31,-0.32761,0.6509,0.4005,0.75148,0.77972,0.54749,Hard,
2026-06-26T18:30:35,579.344,active,1,AF7+AF8,178.7,41.927,28.558,120.32,111.35,-0.20026,0.92022,0.17288,0.71022,0.75174,0.52541,Hard,
2026-06-26T18:30:36,580.356,active,1,AF7+AF8,130.9,29.703,25.257,100.54,80.886,-0.34924,0.6408,-0.088525,0.67417,0.72543,0.50781,Hard,
2026-06-26T18:30:37,581.357,active,1,AF7+AF8,408.82,49.095,21.349,145.14,127.7,-0.050394,0.3412,0.51821,0.65593,0.70685,0.50102,Hard,
2026-06-26T18:30:38,582.368,active,1,AF7+AF8,479.19,71.745,23.725,203.44,186.26,0.26624,0.56124,1.3424,0.64879,0.6978,0.49648,Hard,
2026-06-26T18:30:39,583.382,active,1,AF7+AF8,1517.6,105.1,37.004,234.09,160.3,0.76105,1.2892,1.7796,0.63825,0.68902,0.48902,Hard,
2026-06-26T18:30:40,584.394,active,1,AF7+AF8,10989,714.26,84.256,213.16,159.93,9.4125,4.6368,1.4769,0.58216,0.60856,0.74515,Hard,
2026-06-26T18:30:41,585.401,active,1,AF7+AF8,6165.3,528.83,60.267,156.59,73.645,6.55,3.0029,0.71564,0.5413,0.54169,0.811,Hard,
2026-06-26T18:30:42,586.412,active,1,AF7+AF8,269.63,85.747,23.573,177.98,69.11,0.2904,0.2144,1.0351,0.57722,0.57189,0.77482,Hard,
2026-06-26T18:30:43,587.416,active,1,AF7+AF8,207.48,52.505,17.607,149.34,61.075,-0.13689,-0.23017,0.63104,0.5945,0.58565,0.74324,Hard,
2026-06-26T18:30:44,588.424,active,1,AF7+AF8,115.15,30.528,18.464,117.92,57.14,-0.39286,-0.12669,0.18258,0.58779,0.58395,0.71006,Hard,
2026-06-26T18:30:45,589.438,active,1,AF7+AF8,76.552,32.482,22.282,137.44,69.134,-0.32795,0.14625,0.45712,0.58191,0.59171,0.67778,Hard,
2026-06-26T18:30:46,590.451,active,1,AF7+AF8,68.864,40.075,30.514,133.94,72.289,-0.12642,0.79173,0.38941,0.56606,0.5884,0.64291,Hard,
2026-06-26T18:30:47,591.461,active,1,AF7+AF8,37.16,23.067,21.063,110.36,75.626,-0.43113,0.1381,0.053597,0.55687,0.58503,0.61728,Hard,
2026-06-26T18:30:48,592.469,active,1,AF7+AF8,20.298,15.227,20.201,154.65,77.044,-0.55988,0.077239,0.69868,0.56898,0.62541,0.59373,Hard,
2026-06-26T18:30:49,593.472,active,1,AF7+AF8,4235,789.24,66.229,191.76,85.417,9.2832,3.4834,1.2144,0.52991,0.55245,0.8062,Hard,
2026-06-26T18:30:50,594.482,active,1,AF7+AF8,13428,2158.4,161.01,301.45,182.38,26.92,10.832,2.6967,0.46834,0.48615,0.92229,Hard,
2026-06-26T18:30:51,595.486,active,1,AF7+AF8,6325.4,769.63,89.351,276.31,443.43,9.1197,5.3312,2.3195,0.43392,0.43169,0.91592,Hard,
2026-06-26T18:30:52,596.490,active,1,AF7+AF8,790.13,92.603,23.686,250.61,438.65,0.41262,0.35784,1.9361,0.58616,0.58171,0.86683,Hard,
2026-06-26T18:30:53,597.499,active,1,AF7+AF8,49.123,20.446,17.247,266.57,262.38,-0.50098,-0.1705,2.14,0.69074,0.70624,0.81787,Hard,
2026-06-26T18:30:54,598.511,active,1,AF7+AF8,243.07,87.094,34.559,361.81,467.89,0.43935,1.1255,3.4855,0.73526,0.77509,0.76953,Hard,
2026-06-26T18:30:55,599.517,active,1,AF7+AF8,293.46,96.798,44.344,401.39,992.24,0.64945,1.9094,4.0062,0.73839,0.81565,0.71889,Hard,
2026-06-26T18:30:56,600.524,active,1,AF7+AF8,61.216,28.344,36.045,352.23,702.86,-0.3823,1.3309,3.3407,0.73762,0.84554,0.66839,Hard,
2026-06-26T18:30:57,601.534,active,1,AF7+AF8,192.53,60.517,31.534,242.65,250.23,0.024529,1.0375,1.8463,0.72108,0.82966,0.6333,Hard,
2026-06-26T18:30:58,602.541,active,1,AF7+AF8,1131.2,139.89,59.812,241.71,193.36,1.0628,3.1479,1.8515,0.67576,0.80178,0.58859,Hard,
2026-06-26T18:30:59,603.552,active,1,AF7+AF8,1466.4,118.47,70.669,260.83,279.7,0.85901,4.7625,2.1248,0.61999,0.78395,0.53288,Hard,
2026-06-26T18:31:00,604.569,active,1,AF7+AF8,614.62,52.951,34.212,184.88,173,-0.017144,1.5463,1.0799,0.59862,0.76593,0.50661,Hard,
2026-06-26T18:31:01,605.572,active,1,AF7+AF8,360.22,18.67,15.026,107.9,73.133,-0.49436,-0.15732,0.0035436,0.5892,0.74145,0.50077,Hard,
2026-06-26T18:31:02,606.581,active,1,AF7+AF8,2455.3,470.82,43.957,132,114.21,5.2184,1.7608,0.32415,0.55783,0.66203,0.70986,Hard,
2026-06-26T18:31:03,607.593,active,1,AF7+AF8,7278.1,1331.9,95.539,295.64,291.58,16.135,5.2851,2.5345,0.5151,0.58272,0.88131,Hard,
2026-06-26T18:31:04,608.605,active,1,AF7+AF8,1301.7,223.31,26.708,251.1,243.51,2.0663,0.48887,1.9587,0.61157,0.57118,0.85806,Hard,
2026-06-26T18:31:05,609.616,active,1,AF7+AF8,1126.8,32.13,14.659,165.99,142.34,-0.27429,-0.31118,0.79506,0.62554,0.60682,0.81565,Hard,
2026-06-26T18:31:06,610.626,active,1,AF7+AF8,3968.6,134.81,37.917,114.32,74.238,1.3985,1.5688,0.098877,0.58937,0.57516,0.77522,Hard,
2026-06-26T18:31:07,611.627,active,1,AF7+AF8,2075.5,133.12,48.683,125.28,97.394,1.2293,2.2784,0.23857,0.55045,0.55158,0.72681,Hard,
2026-06-26T18:31:08,612.635,active,1,AF7+AF8,1267.1,145.97,52.37,166.52,167.3,1.2006,2.5013,0.79831,0.52029,0.53937,0.68074,Hard,
2026-06-26T18:31:09,613.641,active,1,AF7+AF8,127.73,35.009,15.008,148.06,146.33,-0.30648,-0.32435,0.55855,0.57328,0.57963,0.65932,Hard,
2026-06-26T18:31:10,614.653,active,1,AF7+AF8,11.946,10.884,7.188,131.16,101.73,-0.61091,-0.91804,0.32743,0.61982,0.60097,0.6448,Hard,
2026-06-26T18:31:11,615.661,active,1,AF7+AF8,461.04,15.129,19.455,111.01,101.85,-0.54715,0.12137,0.05608,0.60446,0.59783,0.61749,Hard,
2026-06-26T18:31:12,616.676,active,1,AF7+AF8,2066.5,49.339,51.434,83.781,64.244,-0.0028981,2.9598,-0.31839,0.55143,0.58137,0.56562,Hard,
2026-06-26T18:31:13,617.680,active,1,AF7+AF8,3488.6,157.81,69.542,145.58,82.872,1.857,4.1484,0.54425,0.50225,0.55259,0.5267,Hard,
2026-06-26T18:31:14,618.689,active,1,AF7+AF8,1762.9,91.177,44.268,124.26,92.341,0.70437,2.0548,0.23478,0.47642,0.53927,0.50397,Hard,
2026-06-26T18:31:15,619.700,active,1,AF7+AF8,161.2,48.391,13.444,114.06,68.217,-0.16992,-0.3856,0.10239,0.52699,0.53863,0.51775,Hard,
2026-06-26T18:31:16,620.708,active,1,AF7+AF8,1240.1,102.63,20.175,113.82,73.966,0.48374,0.054576,0.093724,0.52434,0.52817,0.53916,Hard,
2026-06-26T18:31:17,621.719,active,1,AF7+AF8,9199.6,1263,89.651,196.65,331.27,14.649,5.057,1.2135,0.47674,0.46493,0.81075,Hard,
2026-06-26T18:31:18,622.729,active,1,AF7+AF8,6488,864.05,67.461,280.35,516.53,9.8145,3.4466,2.3355,0.46328,0.41193,0.90043,Hard,
2026-06-26T18:31:19,623.740,active,1,AF7+AF8,661.41,103.49,28.332,268.12,354.27,0.60579,0.75664,2.2171,0.59023,0.57948,0.85012,Hard,
2026-06-26T18:31:20,624.752,active,1,AF7+AF8,1870.4,203.83,37.883,238.15,461.97,1.9876,1.8122,1.7661,0.57871,0.56662,0.81074,Hard,
2026-06-26T18:31:21,625.763,active,1,AF7+AF8,514.5,60.95,18.296,224.53,496.09,0.067555,0.080915,1.5721,0.63841,0.63445,0.77325,Hard,
2026-06-26T18:31:22,626.773,active,1,AF7+AF8,98.616,46.498,24.788,216.89,323.93,-0.16848,0.5026,1.4911,0.63634,0.67157,0.73049,Hard,
2026-06-26T18:31:23,627.775,active,1,AF7+AF8,224.55,57.299,29.529,192.02,217.74,-0.015588,0.92218,1.1646,0.62361,0.66819,0.68901,Hard,
2026-06-26T18:31:24,628.789,active,1,AF7+AF8,390.15,26.247,24.265,206.47,390.94,-0.41014,0.54864,1.3371,0.62045,0.69058,0.65222,Hard,
2026-06-26T18:31:25,629.794,active,1,AF7+AF8,153.58,11.821,26.421,177.33,412.73,-0.61887,0.65875,0.94804,0.61033,0.69008,0.61541,Hard,
2026-06-26T18:31:26,630.806,active,1,AF7+AF8,20.912,11.233,15.03,164.75,241.34,-0.63174,-0.23111,0.76747,0.61751,0.68744,0.59558,Hard,
2026-06-26T18:31:27,631.820,active,1,AF7+AF8,55.676,12.336,11.859,194.22,184.1,-0.5975,-0.56328,1.1592,0.66876,0.69887,0.58359,Hard,
2026-06-26T18:31:28,632.830,active,1,AF7+AF8,111.8,17.446,18.01,305.05,376.15,-0.50349,-0.11728,2.6712,0.74826,0.77769,0.56779,Hard,
2026-06-26T18:31:29,633.844,active,1,AF7+AF8,47.177,10.329,11.782,321.05,357.21,-0.63146,-0.48936,2.873,0.80514,0.82242,0.55752,Hard,
2026-06-26T18:31:30,634.855,active,1,AF7+AF8,15.9,8.5571,12.708,188.38,203.53,-0.67252,-0.40178,1.0786,0.78977,0.80844,0.54656,Hard,
2026-06-26T18:31:31,635.859,active,1,AF7+AF8,26.187,13.515,14.397,141.1,160.22,-0.59151,-0.29688,0.4435,0.76598,0.78661,0.53656,Hard,
2026-06-26T18:31:32,636.862,active,1,AF7+AF8,35.246,27.289,17.172,160.41,115.15,-0.35608,-0.091837,0.72385,0.74613,0.76803,0.52822,Hard,
2026-06-26T18:31:33,637.877,active,1,AF7+AF8,296.03,83.574,31.137,151.86,127.39,0.38407,0.97364,0.60608,0.7111,0.7392,0.51605,Hard,
2026-06-26T18:31:34,638.890,active,1,AF7+AF8,1134.7,214.03,56.177,155.65,173.72,2.0319,2.8242,0.65139,0.65604,0.69057,0.5024,Hard,
2026-06-26T18:31:35,639.902,active,1,AF7+AF8,357.78,69.109,18.345,183.84,142.47,0.13506,-0.083885,1.0362,0.65369,0.681,0.51736,Hard,
2026-06-26T18:31:36,640.916,active,1,AF7+AF8,142.39,39.336,18.08,171.83,125.86,-0.12883,-0.0040821,0.8788,0.64828,0.67408,0.51341,Hard,
2026-06-26T18:31:37,641.928,active,1,AF7+AF8,1111.2,89.415,39.661,91.809,74.703,0.69171,1.7027,-0.22583,0.60361,0.63966,0.49695,Hard,
2026-06-26T18:31:38,642.938,active,1,AF7+AF8,856.59,122.23,40.584,96.824,101.42,0.92671,1.5303,-0.16527,0.56716,0.60692,0.48833,Hard,
2026-06-26T18:31:39,643.949,active,1,AF7+AF8,612.44,248.79,83.336,190.47,216.5,2.6483,4.4695,1.1266,0.51809,0.57231,0.46415,Hard,
2026-06-26T18:31:40,644.956,active,1,AF7+AF8,368.96,167.11,41.602,280.03,349.88,1.4641,1.63,2.3515,0.56077,0.5944,0.47323,Hard,
2026-06-26T18:31:41,645.968,active,1,AF7+AF8,218.01,92.799,39.616,347.13,550.95,0.51807,1.6414,3.2548,0.63915,0.71603,0.46002,Hard,
2026-06-26T18:31:42,646.982,active,1,AF7+AF8,72.302,32.352,37.183,243.15,258.24,-0.31293,1.5325,1.8208,0.62677,0.73281,0.43895,Hard,
2026-06-26T18:31:43,647.994,active,1,AF7+AF8,1037.8,149.15,46.248,239.81,282.49,1.512,2.224,1.8044,0.60529,0.70925,0.4357,Hard,
2026-06-26T18:31:44,649.004,active,1,AF7+AF8,1430.1,228.1,57.671,367.32,633.03,2.6481,2.9843,3.5358,0.60087,0.69724,0.44913,Hard,
2026-06-26T18:31:45,650.021,active,1,AF7+AF8,271.52,88.424,48.882,397.7,527.2,0.5387,2.1343,3.9466,0.66767,0.78653,0.43249,Hard,
2026-06-26T18:31:46,651.028,active,1,AF7+AF8,337.08,49.689,22.736,304.57,370.24,-0.02442,0.27268,2.6951,0.72938,0.79204,0.45075,Hard,
2026-06-26T18:31:47,652.036,active,1,AF7+AF8,1629.1,74.25,30.534,196.24,165.83,0.33849,1.0592,1.2264,0.70436,0.7701,0.44597,Hard,
2026-06-26T18:31:48,653.047,active,1,AF7+AF8,1683.3,154.42,30.104,197.78,153.07,1.2922,0.92597,1.2541,0.68475,0.73712,0.50578,Hard,
2026-06-26T18:31:49,654.060,active,1,AF7+AF8,1088.8,134.17,26.2,228.34,145.07,0.98613,0.50444,1.6353,0.6791,0.71832,0.53826,Hard,
2026-06-26T18:31:50,655.071,active,1,AF7+AF8,298.8,88.861,26.958,221.58,190.24,0.44503,0.71816,1.5231,0.66953,0.70791,0.52958,Hard,
2026-06-26T18:31:51,656.078,active,1,AF7+AF8,550.25,171.49,43.425,242.13,245.85,1.7629,2.0515,1.7876,0.64523,0.68333,0.52171,Hard,
2026-06-26T18:31:52,657.091,active,1,AF7+AF8,285.6,65.128,25.282,136.29,123.83,0.18497,0.51229,0.35832,0.62549,0.66393,0.51421,Hard,
2026-06-26T18:31:53,658.099,active,1,AF7+AF8,75.619,34.342,15.347,86.991,73.167,-0.23558,-0.28955,-0.30118,0.61026,0.64328,0.51331,Hard,
2026-06-26T18:31:54,659.111,active,1,AF7+AF8,103,30.933,16.007,99.869,80.306,-0.30152,-0.16477,-0.11721,0.59774,0.62885,0.50966,Hard,
2026-06-26T18:31:55,660.119,active,1,AF7+AF8,215.23,34.255,16.217,94.422,82.188,-0.25718,-0.21895,-0.19757,0.58633,0.61428,0.50793,Hard,
2026-06-26T18:31:56,661.122,active,1,AF7+AF8,381.49,41.199,22.387,71.346,46.178,-0.11818,0.2825,-0.51697,0.56414,0.5946,0.50099,Hard,
2026-06-26T18:31:57,662.131,active,1,AF7+AF8,558.01,60.134,18.339,54.236,26.869,0.10497,0.040196,-0.74471,0.54482,0.57069,0.50525,Hard,
2026-06-26T18:31:58,663.143,active,1,AF7+AF8,265.2,83.291,16.648,57.673,41.409,0.36646,-0.098192,-0.68347,0.53072,0.54681,0.53679,Hard,
2026-06-26T18:31:59,664.155,active,1,AF7+AF8,535.67,127,26.78,78.198,65.965,0.8796,0.62241,-0.40544,0.51195,0.52256,0.53623,Hard,
2026-06-26T18:32:00,665.168,active,1,AF7+AF8,3627.7,439.98,76.71,93.056,37.633,4.7899,4.0742,-0.19775,0.46319,0.46901,0.5676,Hard,
2026-06-26T18:32:01,666.175,active,1,AF7+AF8,4667.9,393.09,100.19,117.34,65.45,4.4537,5.6465,0.13488,0.41478,0.42514,0.54211,Hard,
2026-06-26T18:32:02,667.179,active,1,AF7+AF8,2048.2,143.68,48.448,114.1,78.695,1.2904,2.2473,0.094245,0.39551,0.4167,0.52297,Hard,
2026-06-26T18:32:03,668.181,active,1,AF7+AF8,266.18,41.648,23.676,91.686,84.035,-0.15278,0.52964,-0.21968,0.40265,0.46166,0.51008,Hard,
2026-06-26T18:32:04,669.190,active,1,AF7+AF8,448.19,87.92,39.173,93.17,72.3,0.35259,1.4638,-0.19492,0.39079,0.4581,0.49262,Hard,
2026-06-26T18:32:05,670.201,active,1,AF7+AF8,5064.7,595.47,76.352,131.92,146.42,6.5283,4.1575,0.34575,0.35943,0.40834,0.6566,Hard,
2026-06-26T18:32:06,671.206,active,1,AF7+AF8,18925,1483.5,66.223,250.89,624.63,17.359,3.7329,1.9479,0.35117,0.3594,0.86198,Hard,
2026-06-26T18:32:07,672.207,active,1,AF7+AF8,4669.2,326.35,23.794,313.11,636.78,3.2392,0.48315,2.7385,0.59371,0.4064,0.85438,Hard,
2026-06-26T18:32:08,673.220,active,1,AF7+AF8,296.04,72.657,19.909,308.38,373.95,0.16307,0.1538,2.6786,0.70515,0.62975,0.812,Hard,
2026-06-26T18:32:09,674.223,active,1,AF7+AF8,474.33,100.21,24.988,276.63,343.12,0.50742,0.48693,2.2535,0.70656,0.67513,0.77486,Hard,
2026-06-26T18:32:10,675.231,active,1,AF7+AF8,668.37,67.4,22.774,216.63,261.27,0.16036,0.4085,1.4687,0.69731,0.67306,0.73816,Hard,
2026-06-26T18:32:11,676.242,active,1,AF7+AF8,2323,108.14,27.488,183.81,156.2,0.6788,0.60856,1.0368,0.68004,0.65765,0.71064,Hard,
2026-06-26T18:32:12,677.256,active,1,AF7+AF8,717.57,46.715,25.445,114.76,78.387,-0.095443,0.44306,0.069891,0.65285,0.64121,0.67733,Hard,
2026-06-26T18:32:13,678.273,active,1,AF7+AF8,270.59,53.34,22.919,83.872,47.342,0.043672,0.3508,-0.3438,0.62419,0.61847,0.65145,Hard,
2026-06-26T18:32:15,679.280,active,1,AF7+AF8,467.14,126.45,40.038,73.355,53.218,1.2869,1.8332,-0.48063,0.578,0.57934,0.62514,Hard,
2026-06-26T18:32:16,680.288,active,1,AF7+AF8,159.6,55.883,21.756,74.277,51.167,0.13795,0.37364,-0.46984,0.55617,0.56078,0.60659,Hard,
2026-06-26T18:32:17,681.300,active,1,AF7+AF8,5056.8,190.2,74.552,83.559,68.554,1.6565,3.9563,-0.33092,0.50202,0.5259,0.56266,Hard,
2026-06-26T18:32:18,682.312,active,1,AF7+AF8,27136,711.19,282.95,240.76,321.47,8.2393,18.398,1.7982,0.44181,0.4674,0.49588,Hard,
2026-06-26T18:32:19,683.319,active,1,AF7+AF8,9426,214.02,100.05,236.19,284.35,1.9819,5.6026,1.7224,0.40387,0.46753,0.45325,Hard,
2026-06-26T18:32:20,684.325,active,1,AF7+AF8,480.24,59.75,30.837,85.025,59.915,-0.0096899,0.7265,-0.32153,0.40003,0.46676,0.44794,Hard,
2026-06-26T18:32:21,685.332,active,1,AF7+AF8,310.56,84.09,24.599,66.264,32.801,0.30894,0.35275,-0.57542,0.39835,0.45769,0.47589,Hard,
2026-06-26T18:32:22,686.343,active,1,AF7+AF8,98.415,31.312,14.201,59.293,47.554,-0.32848,-0.34433,-0.67207,0.43481,0.45763,0.49154,Hard,
2026-06-26T18:32:23,687.351,active,1,AF7+AF8,8643.2,439.85,181.3,165.96,126.17,4.8948,10.95,0.79065,0.38338,0.41637,0.4381,Hard,
2026-06-26T18:32:24,688.364,active,1,AF7+AF8,27308,1205.7,473.13,367.91,334.23,14.985,30.761,3.537,0.33737,0.3668,0.38557,Hard,
2026-06-26T18:32:25,689.378,active,1,AF7+AF8,7989.5,305.8,117.57,274.8,419.34,3.2724,7.07,2.2529,0.30679,0.37187,0.35494,Hard,
2026-06-26T18:32:26,690.390,active,1,AF7+AF8,2504.1,94.645,43.647,256.74,501.62,0.43447,1.9899,2.0072,0.42401,0.56098,0.35012,Hard,
2026-06-26T18:32:27,691.400,active,1,AF7+AF8,125.19,31.077,23.401,226.86,400.8,-0.3312,0.35949,1.59,0.55909,0.65833,0.38875,Hard,
2026-06-26T18:32:28,692.407,active,1,AF7+AF8,452.48,117.34,30.14,234.06,209.51,0.74113,0.83206,1.6941,0.5873,0.65336,0.44868,Hard,
2026-06-26T18:32:29,693.410,active,1,AF7+AF8,3510.6,518.71,57.975,338.29,259.08,5.6916,2.7568,3.126,0.58235,0.60101,0.66707,Hard,
2026-06-26T18:32:30,694.424,active,1,AF7+AF8,10802,1039.7,82.454,299.8,196.79,11.947,4.4903,2.6338,0.54646,0.53002,0.85275,Hard,
2026-06-26T18:32:31,695.437,active,1,AF7+AF8,10946,1186.9,146.78,258.59,278.77,13.625,8.6164,2.0795,0.48529,0.46679,0.89577,Hard,
2026-06-26T18:32:32,696.446,active,1,AF7+AF8,1596.7,277.61,52.018,213.52,226.2,2.6696,2.2775,1.4178,0.47435,0.45259,0.85414,Hard,
2026-06-26T18:32:33,697.460,active,1,AF7+AF8,259.58,60.478,17.993,136.77,109.12,0.039963,-0.069507,0.37331,0.52282,0.50598,0.81328,Hard,
2026-06-26T18:32:34,698.469,active,1,AF7+AF8,198.11,22.467,17.418,74.605,59.758,-0.45918,-0.096938,-0.4709,0.51449,0.50508,0.77027,Hard,
2026-06-26T18:32:35,699.475,active,1,AF7+AF8,274.8,28.198,12.692,80.823,66.863,-0.38564,-0.50714,-0.37269,0.51587,0.50467,0.73966,Hard,
2026-06-26T18:32:36,700.486,active,1,AF7+AF8,3642.5,186.64,30.021,166.84,143.47,1.5659,0.69498,0.79806,0.51551,0.49273,0.72376,Hard,
2026-06-26T18:32:37,701.496,active,1,AF7+AF8,3265.4,146.39,21.309,264.83,209.32,1.0533,0.080976,2.1376,0.64816,0.57648,0.71122,Hard,
2026-06-26T18:32:38,702.508,active,1,AF7+AF8,4281.5,202.06,11.578,207.32,132.31,1.7244,-0.60862,1.3659,0.69639,0.56194,0.74199,Hard,
2026-06-26T18:32:39,703.517,active,1,AF7+AF8,3547.8,143.83,16.411,150.99,101.58,1.0035,-0.22497,0.59743,0.68499,0.54843,0.73082,Hard,
2026-06-26T18:32:40,704.525,active,1,AF7+AF8,141.63,28.73,19.109,111.76,76.058,-0.36443,0.12577,0.056648,0.66175,0.55084,0.69581,Hard,
2026-06-26T18:32:41,705.542,active,1,AF7+AF8,287.12,44.378,21.256,62.038,38.417,-0.16626,0.27517,-0.63619,0.6289,0.53772,0.66572,Hard,
2026-06-26T18:32:42,706.553,active,1,AF7+AF8,497.33,104.79,16.412,36.084,25.712,0.54119,-0.17924,-0.99164,0.60141,0.51127,0.65652,Hard,
2026-06-26T18:32:43,707.562,active,1,AF7+AF8,198.74,41.291,11.77,43.005,36.004,-0.23265,-0.50093,-0.88395,0.58352,0.50023,0.64176,Hard,
2026-06-26T18:32:44,708.573,active,1,AF7+AF8,60.146,12.71,9.9742,67.463,52.933,-0.59033,-0.6986,-0.53818,0.5759,0.504,0.62637,Hard,
2026-06-26T18:32:45,709.589,active,1,AF7+AF8,38.49,12.153,16.628,144.96,76.325,-0.60986,-0.25867,0.54545,0.58987,0.58592,0.60595,Hard,
2026-06-26T18:32:46,710.595,active,1,AF7+AF8,34.464,16.456,17.252,192.25,86.765,-0.54828,-0.22412,1.2175,0.63962,0.65882,0.58839,Hard,
2026-06-26T18:32:47,711.604,active,1,AF7+AF8,297.4,27.234,16.177,176.54,75.292,-0.40869,-0.11153,0.96895,0.63869,0.66295,0.57333,Hard,
2026-06-26T18:32:48,712.615,active,1,AF7+AF8,516.1,28.162,21.927,153.84,73.731,-0.415,0.42857,0.61485,0.62484,0.65851,0.55206,Hard,
2026-06-26T18:32:49,713.618,active,1,AF7+AF8,5766.3,306.1,38.663,107.16,102.74,3.0585,1.4055,-0.025624,0.58926,0.60064,0.63819,Hard,
2026-06-26T18:32:50,714.628,active,1,AF7+AF8,23879,1384.6,153.09,219.19,273.86,16.606,9.4951,1.5229,0.52074,0.52863,0.83861,Hard,
2026-06-26T18:32:51,715.639,active,1,AF7+AF8,14319,610.75,198.94,181.05,158.89,7.1028,12.892,1.0233,0.45857,0.47067,0.74427,Hard,
2026-06-26T18:32:52,716.649,active,1,AF7+AF8,2124.9,105.35,47.68,123.1,94.356,0.63366,2.1099,0.2208,0.43714,0.46802,0.69376,Hard,
2026-06-26T18:32:53,717.655,active,1,AF7+AF8,149.84,24.798,19.038,107.19,85.698,-0.43777,0.14607,-0.014455,0.46282,0.51884,0.66182,Hard,
2026-06-26T18:32:54,718.666,active,1,AF7+AF8,4856.7,314.19,87.97,89.737,95.962,3.2809,4.6259,-0.25783,0.41689,0.47405,0.62295,Hard,
2026-06-26T18:32:55,719.668,active,1,AF7+AF8,26629,1419.6,363.32,191.11,221.41,17.501,23.075,1.1412,0.36686,0.4172,0.55516,Hard,
2026-06-26T18:32:56,720.671,active,1,AF7+AF8,9056.8,424.25,109.58,164.93,176.97,4.708,5.9852,0.76706,0.33107,0.38182,0.53001,Hard,
2026-06-26T18:32:57,721.680,active,1,AF7+AF8,178.59,15.731,10.855,123.52,106.84,-0.54871,-0.62979,0.21617,0.49494,0.5094,0.52762,Hard,
2026-06-26T18:32:58,722.686,active,1,AF7+AF8,61.74,18.951,15.054,131.81,88.364,-0.52362,-0.24914,0.32448,0.54071,0.56643,0.5202,Hard,
2026-06-26T18:32:59,723.686,active,1,AF7+AF8,104.44,34.366,19.417,137.17,92.858,-0.29531,0.066624,0.40299,0.54145,0.57842,0.51236,Hard,
2026-06-26T18:33:00,724.691,active,1,AF7+AF8,807.23,146.12,38.514,113.58,95.812,1.1179,1.3398,0.085837,0.51826,0.55386,0.50755,Hard,
2026-06-26T18:33:01,725.696,active,1,AF7+AF8,5402,1115.4,107.25,180.13,306.7,12.918,5.9979,0.97101,0.46506,0.4877,0.78474,Hard,
2026-06-26T18:33:02,726.705,active,1,AF7+AF8,2952.2,695.45,59.515,237.63,460.45,7.7249,2.7161,1.7281,0.45473,0.43488,0.86856,Hard,
2026-06-26T18:33:03,727.717,active,1,AF7+AF8,416.39,48.01,18.294,222.51,316.71,-0.17101,-0.13204,1.539,0.6004,0.59492,0.82375,Hard,
2026-06-26T18:33:04,728.725,active,1,AF7+AF8,1142.6,97.995,27.469,231.16,319.18,0.43608,0.46631,1.6814,0.62859,0.62846,0.78445,Hard,
2026-06-26T18:33:05,729.736,active,1,AF7+AF8,241.55,32.738,13.096,183.21,191.46,-0.35686,-0.43493,1.0092,0.65527,0.65003,0.75149,Hard,
2026-06-26T18:33:06,730.744,active,1,AF7+AF8,66.275,29.693,18.599,175.61,166.34,-0.29589,0.054886,0.89214,0.64902,0.64934,0.71606,Hard,
2026-06-26T18:33:07,731.750,active,1,AF7+AF8,70.136,22.818,17.421,175.1,166.31,-0.4091,-0.089515,0.87755,0.64537,0.65304,0.68535,Hard,
2026-06-26T18:33:08,732.753,active,1,AF7+AF8,41.089,21.243,15.222,126.13,98.824,-0.41506,-0.24749,0.2203,0.63491,0.64413,0.66059,Hard,
2026-06-26T18:33:09,733.766,active,1,AF7+AF8,43.583,33.214,16.588,118.24,87.694,-0.20949,-0.13612,0.10907,0.62239,0.6316,0.64022,Hard,
2026-06-26T18:33:10,734.777,active,1,AF7+AF8,127.74,30.453,16.471,147.53,129.08,-0.3408,-0.18053,0.51469,0.61803,0.62845,0.62099,Hard,
2026-06-26T18:33:11,735.787,active,1,AF7+AF8,321.44,48.046,13.655,160.1,151.36,-0.12555,-0.38901,0.69285,0.62643,0.62514,0.61042,Hard,
2026-06-26T18:33:12,736.801,active,1,AF7+AF8,292.46,28.515,12.288,154.2,108.21,-0.38607,-0.50084,0.6298,0.63318,0.62504,0.59889,Hard,
2026-06-26T18:33:13,737.805,active,1,AF7+AF8,119.96,17.537,16.012,161.44,105.71,-0.52485,-0.18503,0.73297,0.63073,0.64136,0.58194,Hard,
2026-06-26T18:33:14,738.813,active,1,AF7+AF8,84.316,18.797,19.822,141.52,97.293,-0.49657,0.17467,0.45469,0.61924,0.6384,0.56213,Hard,
2026-06-26T18:33:15,739.823,active,1,AF7+AF8,415.49,41.845,16.209,113.2,69.179,-0.18037,-0.12466,0.066084,0.60779,0.62549,0.55384,Hard,
2026-06-26T18:33:16,740.829,active,1,AF7+AF8,797.57,53.739,14.358,78.055,43.315,-0.03367,-0.31308,-0.41443,0.59333,0.60474,0.55156,Hard,
2026-06-26T18:33:17,741.842,active,1,AF7+AF8,363.02,68.985,22.332,110.84,65.672,0.12403,0.26497,0.04723,0.57887,0.59102,0.54326,Hard,
2026-06-26T18:33:18,742.855,active,1,AF7+AF8,1383,72.71,23.678,146.75,119.09,0.13585,0.32346,0.55252,0.57284,0.58632,0.53526,Hard,
2026-06-26T18:33:19,743.867,active,1,AF7+AF8,4752.1,206.41,59.853,187.56,168.78,1.8254,2.9147,1.0911,0.53849,0.56507,0.51508,Hard,
2026-06-26T18:33:20,744.876,active,1,AF7+AF8,1903.1,94.404,36.868,146.38,116.03,0.49988,1.4472,0.51946,0.5202,0.55756,0.49932,Hard,
2026-06-26T18:33:21,745.888,active,1,AF7+AF8,745.5,134.86,26.948,123.87,106.25,0.96988,0.65645,0.21482,0.51118,0.53946,0.52319,Hard,
2026-06-26T18:33:22,746.890,active,1,AF7+AF8,1358,189.72,30.487,128.93,141.59,1.6405,0.83483,0.27313,0.50147,0.51497,0.56889,Hard,
2026-06-26T18:33:23,747.899,active,1,AF7+AF8,1092.8,64.921,23.191,109.5,75.096,0.082273,0.26902,0.003364,0.49731,0.51199,0.55783,Hard,
2026-06-26T18:33:24,748.904,active,1,AF7+AF8,512.58,30.572,18.298,82.552,59.751,-0.35267,-0.010723,-0.36063,0.4924,0.51043,0.54577,Hard,
2026-06-26T18:33:25,749.911,active,1,AF7+AF8,31.955,16.443,10.592,60.131,60.82,-0.55171,-0.61327,-0.66333,0.49321,0.50751,0.5412,Hard,
2026-06-26T18:33:26,750.922,active,1,AF7+AF8,883.72,149.52,22.405,85.327,70.657,1.055,0.26713,-0.31786,0.48531,0.48679,0.57482,Hard,
2026-06-26T18:33:27,751.933,active,1,AF7+AF8,13038,707.52,118.41,130.1,74.111,8.1996,6.8252,0.30983,0.43152,0.43065,0.62913,Hard,
2026-06-26T18:33:28,752.944,active,1,AF7+AF8,41009,2191.1,367.47,233.61,128.76,27.16,24.059,1.7694,0.37974,0.37897,0.74667,Hard,
2026-06-26T18:33:29,753.956,active,1,AF7+AF8,23216,1275.7,138.56,348.27,388.3,15.814,8.7659,3.3266,0.34159,0.33373,0.88149,Hard,
2026-06-26T18:33:30,754.966,active,1,AF7+AF8,7072.9,467.5,41.289,316.5,558.29,5.4614,1.9058,2.8559,0.50658,0.31933,0.87836,Hard,
2026-06-26T18:33:31,755.970,active,1,AF7+AF8,172.21,61.483,29.456,281.54,599.22,0.16456,0.98497,2.3612,0.60196,0.5777,0.82082,Hard,
2026-06-26T18:33:32,756.980,active,1,AF7+AF8,61.466,27.32,15.961,286.76,734.58,-0.37981,-0.15324,2.4392,0.7119,0.71329,0.77893,Hard,solved:437.8
2026-06-26T18:33:33,757.994,active,1,AF7+AF8,67.727,12.369,10.678,264.83,601.22,-0.60353,-0.59673,2.1572,0.76386,0.76475,0.74535,Hard,
2026-06-26T18:33:34,759.005,active,1,AF7+AF8,10441,347.71,80.956,267.45,281.46,3.49,4.3246,2.2164,0.70321,0.7145,0.70357,Hard,
2026-06-26T18:33:35,760.016,active,1,AF7+AF8,18611,784.67,164.63,219.53,146.85,8.9194,10.648,1.5363,0.62008,0.63168,0.65472,Hard,
2026-06-26T18:33:36,761.027,active,1,AF7+AF8,6279.7,1039.2,203.99,217.92,121.48,12.712,13.809,1.5208,0.54592,0.55632,0.62009,Hard,
2026-06-26T18:33:37,762.037,active,1,AF7+AF8,4707.6,1192.1,247.63,483.79,113.13,18.114,17.714,5.3072,0.48066,0.48976,0.61167,Hard,
2026-06-26T18:33:38,763.047,active,1,AF7+AF8,27993,32602,16302,26448,4135,422.22,1106.9,373.84,0.42298,0.43099,0.53827,Hard,
